player_name,country,team,positions_played,match_played,minutes_played
Aaron Hunt,Germany,Hamburger SV,"['Left Wing', 'Right Center Forward']",23.0,1742.0
Adam Hloušek,Czech Republic,VfB Stuttgart,[],7.0,425.0
Adelino André Vieira Freitas,Portugal,Wolfsburg,"['Right Midfield', 'Right Back']",26.0,1908.0
Admir Mehmedi,Switzerland,Bayer Leverkusen,['Right Center Forward'],28.0,1373.0
Adnan Januzaj,Belgium,Borussia Dortmund,[],6.0,176.0
Ahmet Metin Arslan,Germany,Hamburger SV,[],1.0,4.0
Albian Afrim Ajeti,Switzerland,Augsburg,[],1.0,41.0
Albin Ekdal,Sweden,Hamburger SV,['Right Defensive Midfield'],14.0,1137.0
Alejandro Gálvez Jimena,Spain,Werder Bremen,"['Left Center Midfield', 'Center Defensive Midfield']",21.0,1291.0
Aleksandar Ignjovski,Serbia,Eintracht Frankfurt,"['Right Center Midfield', 'Right Wing Back', 'Right Back']",18.0,1228.0
Alessandro Schöpf,Austria,Schalke 04,['Right Midfield'],13.0,484.0
Alexander Baumjohann,Germany,Hertha Berlin,[],24.0,509.0
Alexander Esswein,Germany,Augsburg,"['Right Wing', 'Right Center Forward']",29.0,1820.0
Alexander Hack,Germany,FSV Mainz 05,[],7.0,630.0
Alexander Manninger,Austria,Augsburg,[],2.0,97.0
Alexander Meier,Germany,Eintracht Frankfurt,['Left Center Midfield'],19.0,1707.0
Alexander Milosevic,Sweden,Hannover 96,['Right Center Back'],10.0,820.0
Alexander Nübel,Germany,Schalke 04,['Goalkeeper'],1.0,2.0
Alexander Stolz,Germany,Hoffenheim,[],,
Alexandru Iulian Maxim,Romania,VfB Stuttgart,['Right Wing'],25.0,1092.0
Alfredo Morales,United States of America,Ingolstadt,[],24.0,1681.0
Alfreð Finnbogason,Iceland,Augsburg,"['Right Center Forward', 'Center Forward']",14.0,1132.0
Allan Saint-Maximin,France,Hannover 96,"['Center Attacking Midfield', 'Center Forward']",16.0,482.0
Almog Cohen,Israel,Ingolstadt,"['Left Center Midfield', 'Center Defensive Midfield']",20.0,858.0
Aloy Ihenacho,Nigeria,Ingolstadt,[],,
Andre Hoffmann,Germany,Hannover 96,[],8.0,518.0
Andreas Christensen,Denmark,Borussia Mönchengladbach,"['Center Back', 'Left Center Back']",31.0,2790.0
Andreas Hirzel,Switzerland,Hamburger SV,[],1.0,55.0
Andrej Kramarić,Croatia,Hoffenheim,"['Left Center Forward', 'Center Forward']",15.0,1104.0
André Hahn,Germany,Borussia Mönchengladbach,"['Right Center Forward', 'Left Center Forward']",16.0,857.0
André Ramalho Silva,Brazil,Bayer Leverkusen,['Right Center Back'],19.0,1167.0
André Schürrle,Germany,Wolfsburg,"['Left Midfield', 'Left Center Midfield']",29.0,1915.0
Anthony Modeste,France,FC Köln,['Center Forward'],34.0,2872.0
Anthony Ujah,Nigeria,Werder Bremen,"['Right Center Forward', 'Center Forward']",32.0,2356.0
Arianit Ferati,Germany,VfB Stuttgart,[],4.0,172.0
Arjen Robben,Netherlands,Bayern Munich,['Right Wing'],15.0,1097.0
Aron Jóhannsson,United States of America,Werder Bremen,['Left Center Forward'],6.0,406.0
Artem Kravets,Ukraine,VfB Stuttgart,['Center Forward'],15.0,616.0
Artoms Rudņevs,Latvia,Hamburger SV,['Center Forward'],11.0,613.0
Artur Sobiech,Poland,Hannover 96,['Center Forward'],25.0,1642.0
Arturo Erasmo Vidal Pardo,Chile,Bayern Munich,['Right Center Midfield'],30.0,2055.0
Ashton Philip Shawn Götz,Germany,Hamburger SV,[],,
Assani Lukimya-Mulongoti,"Congo, (Kinshasa)",Werder Bremen,['Right Center Back'],12.0,926.0
Aytac Sulu,Germany,Darmstadt 98,"['Right Center Back', 'Center Back']",33.0,2970.0
Bariş Atik,Germany,Hoffenheim,[],,
Bas Dost,Netherlands,Wolfsburg,"['Right Center Forward', 'Left Center Forward', 'Right Back']",22.0,1392.0
Bastian Oczipka,Germany,Eintracht Frankfurt,['Left Center Back'],30.0,2700.0
Benedikt Höwedes,Germany,Schalke 04,['Right Back'],15.0,916.0
Benjamin Gorka,Germany,Darmstadt 98,[],4.0,27.0
Benjamin Henrichs,Germany,Bayer Leverkusen,['Left Back'],9.0,552.0
Benjamin Hübner,Germany,Ingolstadt,['Left Center Back'],30.0,2628.0
Benjamin Uphoff,Germany,VfB Stuttgart,[],,
Bernd Leno,Germany,Bayer Leverkusen,[],33.0,2970.0
Borys Tashchy,Ukraine,VfB Stuttgart,['Center Forward'],9.0,179.0
Branimir Hrgota,Sweden,Borussia Mönchengladbach,['Left Center Forward'],9.0,103.0
Bruno Henrique Pinto,Brazil,Wolfsburg,['Right Wing'],7.0,265.0
Bård Finne,Norway,FC Köln,[],,
Caiuby Francisco da Silva,Brazil,Augsburg,['Left Wing'],26.0,2219.0
Carlos Antonio Ascues Ávila,Peru,Wolfsburg,[],1.0,11.0
Carlos Armando Gruezo Arboleda,Ecuador,VfB Stuttgart,"['Left Midfield', 'Left Defensive Midfield']",2.0,63.0
Carlos Augusto Zambrano Ochandarte,Peru,Eintracht Frankfurt,['Right Center Back'],24.0,1817.0
Ceyhun Gülselam,Turkey,Hannover 96,"['Right Wing', 'Right Defensive Midfield']",13.0,835.0
Charles Mariano Aránguiz Sandoval,Chile,Bayer Leverkusen,['Right Defensive Midfield'],7.0,480.0
Charlison Benschop,Curaçao,Hannover 96,"['Right Wing', 'Center Attacking Midfield']",9.0,359.0
Christian Clemens,Germany,FSV Mainz 05,['Right Midfield'],28.0,1736.0
Christian Gentner,Germany,VfB Stuttgart,['Left Defensive Midfield'],29.0,2489.0
Christian Mathenia,Germany,Darmstadt 98,['Goalkeeper'],33.0,2970.0
Christian Pulisic,United States of America,Borussia Dortmund,"['Left Center Back', 'Left Wing Back']",9.0,398.0
Christian Schulz,Germany,Hannover 96,['Left Center Back'],25.0,2126.0
Christian Träsch,Germany,Wolfsburg,['Right Back'],29.0,2085.0
Christofer Heimeroth,Germany,Borussia Mönchengladbach,[],,
Christoph Janker,Germany,Augsburg,[],12.0,397.0
Christoph Kramer,Germany,Bayer Leverkusen,['Left Defensive Midfield'],28.0,2397.0
Christoph Moritz,Germany,FSV Mainz 05,[],8.0,257.0
Claudio Miguel Pizarro Bossio,Peru,Werder Bremen,['Center Forward'],28.0,1783.0
Cleber Janderson Pereira Reis,Brazil,Hamburger SV,['Right Center Back'],23.0,1500.0
Clemens Fritz,Germany,Werder Bremen,['Right Center Midfield'],29.0,2521.0
Daniel Baier,Germany,Augsburg,['Left Defensive Midfield'],28.0,2326.0
Daniel Brosinski,Germany,FSV Mainz 05,['Right Back'],30.0,2261.0
Daniel Caligiuri,Germany,Wolfsburg,"['Left Midfield', 'Left Center Midfield']",29.0,1848.0
Daniel Didavi,Germany,VfB Stuttgart,['Center Attacking Midfield'],31.0,2444.0
Daniel Ginczek,Germany,VfB Stuttgart,"['Left Center Forward', 'Center Forward']",7.0,630.0
Daniel Mesenhöler,Germany,FC Köln,[],,
Daniel Schwaab,Germany,VfB Stuttgart,['Right Back'],29.0,2397.0
Daniel Tawiah Opare,Ghana,Augsburg,['Right Back'],4.0,360.0
Daniel Zeaiter,Germany,FSV Mainz 05,[],,
Danilo Teodoro Soares,Brazil,Ingolstadt,[],1.0,90.0
Danny Latza,Germany,FSV Mainz 05,['Left Defensive Midfield'],27.0,1872.0
Danny Vieira da Costa,Germany,Ingolstadt,['Right Back'],20.0,1529.0
Dante Bonfim da Costa Santos,Brazil,Wolfsburg,['Left Center Back'],24.0,2088.0
Dario Kresic,Croatia,Bayer Leverkusen,['Goalkeeper'],1.0,46.0
Dario Lezcano,Paraguay,Ingolstadt,['Center Forward'],17.0,1246.0
David Kinsombi,Germany,Eintracht Frankfurt,"['Right Center Back', 'Center Back']",2.0,91.0
David Olatukunbo Alaba,Austria,Bayern Munich,['Left Center Back'],30.0,2502.0
David Yelldell,United States of America,Bayer Leverkusen,['Goalkeeper'],1.0,48.0
David Ángel Abraham,Argentina,Eintracht Frankfurt,['Center Back'],31.0,2554.0
Dennis Aogo,Germany,Schalke 04,[],23.0,1859.0
Dennis Diekmeier,Germany,Hamburger SV,['Right Back'],22.0,1471.0
Devante James Parker,Germany,FSV Mainz 05,['Left Wing'],1.0,0.0
Diego Orlando Benaglio,Switzerland,Wolfsburg,['Goalkeeper'],21.0,1890.0
Djibril Sow,Switzerland,Borussia Mönchengladbach,[],,
Dominik Kohr,Germany,Augsburg,['Right Defensive Midfield'],31.0,2505.0
Dominik Maroh,Slovenia,FC Köln,['Right Center Back'],25.0,2128.0
Dominik Stroh-Engel,Germany,Darmstadt 98,[],15.0,536.0
Dominique Heintz,Germany,FC Köln,['Left Center Back'],33.0,2872.0
Dong-Won Ji,Korea (South),Augsburg,['Left Center Forward'],21.0,822.0
Douglas Costa de Souza,Brazil,Bayern Munich,"['Right Wing', 'Center Forward']",27.0,1978.0
Dušan Švento,Slovakia,FC Köln,[],7.0,233.0
Edgar Prib,Germany,Hannover 96,['Left Back'],20.0,1340.0
Eduardo Jesús Vargas Rojas,Chile,Hoffenheim,[],24.0,1523.0
Elias Kachunga,"Congo, (Kinshasa)",Ingolstadt,['Center Forward'],10.0,296.0
Elkin Soto Jaramillo,Colombia,FSV Mainz 05,['Center Forward'],1.0,0.0
Emiliano Adrián Insúa Zapata,Argentina,VfB Stuttgart,['Left Back'],33.0,2931.0
Emir Spahić,Bosnia and Herzegovina,Hamburger SV,['Left Center Back'],26.0,2278.0
Eric Oelschlägel,Germany,Werder Bremen,[],,
Erik Durm,Germany,Borussia Dortmund,"['Right Defensive Midfield', 'Right Back']",14.0,871.0
Erik Thommy,Germany,Augsburg,[],,
Ermin Bičakčić,Bosnia and Herzegovina,Hoffenheim,"['Center Back', 'Left Center Back']",21.0,1630.0
Eugen Polanski,Poland,Hoffenheim,['Left Defensive Midfield'],27.0,1779.0
Fabian Frei,Switzerland,FSV Mainz 05,['Left Defensive Midfield'],18.0,983.0
Fabian Giefer,Germany,Schalke 04,[],,
Fabian Holland,Germany,Darmstadt 98,"['Left Back', 'Left Wing Back']",18.0,1443.0
Fabian Johnson,United States of America,Borussia Mönchengladbach,"['Right Center Midfield', 'Right Wing Back']",26.0,2158.0
Fabian Lukas Schär,Switzerland,Hoffenheim,['Right Center Back'],24.0,1747.0
Fabian Lustenberger,Switzerland,Hertha Berlin,[],30.0,2527.0
Fabian Reese,Germany,Schalke 04,"['Left Midfield', 'Left Center Forward']",1.0,5.0
Federico Barba,Italy,VfB Stuttgart,['Left Center Back'],2.0,140.0
Felipe Aliste Lopes,Brazil,Wolfsburg,[],,
Felipe Trevizan Martins,Brazil,Hannover 96,[],8.0,151.0
Felix Klaus,Germany,Hannover 96,[],18.0,815.0
Felix Kroos,Germany,Werder Bremen,[],8.0,276.0
Felix Passlack,Germany,Borussia Dortmund,[],3.0,183.0
Felix Platte,Germany,Darmstadt 98,"['Right Attacking Midfield', 'Left Wing']",12.0,172.0
Felix Wiedwald,Germany,Werder Bremen,['Goalkeeper'],34.0,3060.0
Filip Kostić,Serbia,VfB Stuttgart,['Left Wing'],30.0,2598.0
Filip Mladenović,Serbia,FC Köln,['Left Wing Back'],14.0,862.0
Fin Bartels,Germany,Werder Bremen,"['Left Midfield', 'Center Attacking Midfield']",30.0,2086.0
Finn-Dominik Porath,Germany,Hamburger SV,[],,
Florian Grillitsch,Austria,Werder Bremen,"['Center Defensive Midfield', 'Left Defensive Midfield']",25.0,1986.0
Florian Jungwirth,Germany,Darmstadt 98,"['Right Center Back', 'Right Back']",19.0,1507.0
Florian Klein,Austria,VfB Stuttgart,"['Center Attacking Midfield', 'Right Back']",22.0,1621.0
Florian Kohls,Germany,Hertha Berlin,[],1.0,8.0
Florian Niederlechner,Germany,FSV Mainz 05,"['Left Defensive Midfield', 'Center Attacking Midfield']",12.0,214.0
Francisco José Rodriguez Araya,Switzerland,Wolfsburg,"['Right Defensive Midfield', 'Center Attacking Midfield']",1.0,13.0
Franck Bilal Ribéry,France,Bayern Munich,['Left Wing'],13.0,697.0
Franco Matías Di Santo,Argentina,Schalke 04,['Center Forward'],25.0,1326.0
Frederik Hillesborg Sørensen,Denmark,FC Köln,['Right Back'],22.0,1682.0
Fynn Arkenberg,Germany,Hannover 96,['Right Back'],2.0,180.0
Gaëtan Bussmann,France,FSV Mainz 05,['Left Back'],13.0,1170.0
Genki Haraguchi,Japan,Hertha Berlin,"['Left Midfield', 'Left Wing']",32.0,2533.0
Georg Niedermeier,Germany,VfB Stuttgart,['Left Center Back'],18.0,1434.0
Gerhard Tremmel,Germany,Werder Bremen,[],,
Gian-Luca Waldschmidt,Germany,Eintracht Frankfurt,[],13.0,359.0
Gianluca Curci,Italy,FSV Mainz 05,[],,
Gianluca Gaudino,Germany,Bayern Munich,[],,
Gideon Jung,Germany,Hamburger SV,[],19.0,1191.0
Giulio Donati,Italy,FSV Mainz 05,['Right Back'],23.0,1900.0
Gojko Kačar,Serbia,Hamburger SV,['Left Center Midfield'],19.0,1141.0
Gonzalo Alejandro Jara Reyes,Chile,FSV Mainz 05,[],6.0,445.0
Gonzalo Castro Randon,Germany,Borussia Dortmund,"['Right Wing', 'Left Center Midfield', 'Left Wing']",25.0,1503.0
Gotoku Sakai,Japan,Hamburger SV,['Left Back'],22.0,1890.0
Granit Xhaka,Switzerland,Borussia Mönchengladbach,"['Right Defensive Midfield', 'Left Defensive Midfield']",28.0,2422.0
Gustavo Adrián Ramos Vásquez,Colombia,Borussia Dortmund,"['Right Wing', 'Left Wing']",27.0,974.0
György Garics,Austria,Darmstadt 98,[],21.0,1796.0
Hakan Çalhanoğlu,Turkey,Bayer Leverkusen,['Left Center Forward'],31.0,2267.0
Halil Altıntop,Turkey,Augsburg,['Right Center Forward'],19.0,1210.0
Haris Seferović,Switzerland,Eintracht Frankfurt,['Center Forward'],29.0,2217.0
Heinz Lindner,Austria,Eintracht Frankfurt,[],,
Hendrik Bonmann,Germany,Borussia Dortmund,[],,
Henrikh Mkhitaryan,Armenia,Borussia Dortmund,['Right Wing'],31.0,2579.0
Henrique Sereno Fonseca,Portugal,FSV Mainz 05,[],,
Heung-Min Son,Korea (South),Bayer Leverkusen,"['Left Midfield', 'Left Wing']",1.0,63.0
Hiroki Sakai,Japan,Hannover 96,['Right Back'],26.0,2299.0
Hiroshi Kiyotake,Japan,Hannover 96,['Center Attacking Midfield'],21.0,1762.0
Holger Badstuber,Germany,Bayern Munich,['Left Center Back'],7.0,471.0
Hotaru Yamaguchi,Japan,Hannover 96,['Left Defensive Midfield'],6.0,407.0
Hugo Miguel Pereira de Almeida,Portugal,Hannover 96,['Left Center Forward'],7.0,534.0
Håvard Nordtveit,Norway,Borussia Mönchengladbach,"['Left Center Back', 'Left Defensive Midfield']",31.0,2462.0
Ibrahima Traoré,Guinea,Borussia Mönchengladbach,"['Left Wing Back', 'Right Wing Back']",24.0,1479.0
Ioannis Gelios,Greece,Augsburg,[],,
Ismail Azzaoui,Belgium,Wolfsburg,[],2.0,24.0
Ivan Perišić,Croatia,Wolfsburg,"['Left Midfield', 'Right Center Midfield', 'Left Wing', 'Right Center Forward']",2.0,163.0
Iver Tobias Rørvik Fossum,Norway,Hannover 96,"['Right Wing', 'Right Midfield', 'Center Attacking Midfield']",9.0,722.0
Ivica Olić,Croatia,Hamburger SV,['Right Center Forward'],9.0,197.0
Ivo Iličević,Croatia,Hamburger SV,['Left Wing'],31.0,2166.0
Ja-Cheol Koo,Korea (South),FSV Mainz 05,[],30.0,2194.0
Jairo Samperio Bustara,Spain,FSV Mainz 05,"['Left Midfield', 'Left Wing']",31.0,2305.0
Jan Kirchhoff,Germany,Bayern Munich,[],,
Jan Kliment,Czech Republic,VfB Stuttgart,[],8.0,183.0
Jan Morávek,Czech Republic,Augsburg,['Right Wing'],11.0,417.0
Jan Rosenthal,Germany,Darmstadt 98,"['Right Wing', 'Center Attacking Midfield']",23.0,1430.0
Jan-Ingwer Callsen-Bracker,Germany,Augsburg,['Right Center Back'],10.0,749.0
Janek Sternberg,Germany,Werder Bremen,[],9.0,459.0
Jannes-Kilian Horn,Germany,Wolfsburg,[],,
Jannik Huth,Germany,FSV Mainz 05,[],,
Jannik Vestergaard,Denmark,Werder Bremen,['Left Center Back'],33.0,2970.0
Jaroslav Drobný,Czech Republic,Hamburger SV,[],10.0,847.0
Javier Hernández Balcázar,Mexico,Bayer Leverkusen,['Right Center Forward'],28.0,2171.0
Javier Martínez Aginaga,Spain,Bayern Munich,['Right Center Back'],16.0,1111.0
Jean-Eric Maxim Choupo-Moting,Cameroon,Schalke 04,['Left Midfield'],28.0,1883.0
Jeffrey Gouweleeuw,Netherlands,Augsburg,['Right Center Back'],11.0,990.0
Jens Grahl,Germany,Hoffenheim,['Goalkeeper'],1.0,90.0
Jens Hegeler,Germany,Hertha Berlin,[],16.0,515.0
Jeong-Ho Hong,Korea (South),Augsburg,['Right Center Back'],23.0,1728.0
Jeremy Toljan,Germany,Hoffenheim,[],18.0,1495.0
Jhon Andrés Córdoba Copete,Colombia,FSV Mainz 05,"['Left Center Forward', 'Center Forward']",22.0,1424.0
Jiloan Hamad,Iraq,Hoffenheim,[],7.0,325.0
Jin-Su Kim,Korea (South),Hoffenheim,[],15.0,1316.0
Joel Gerezgiher,Germany,Eintracht Frankfurt,[],3.0,90.0
Joelinton Cassio Apolinário de Lira,Brazil,Hoffenheim,[],1.0,3.0
Johan Danon Djourou-Gbadjere,Switzerland,Hamburger SV,[],26.0,2337.0
Johannes Flum,Germany,Eintracht Frankfurt,[],5.0,148.0
Johannes Geis,Germany,Schalke 04,['Center Defensive Midfield'],28.0,2340.0
Johannes van den Bergh,Germany,Hertha Berlin,[],13.0,264.0
John Anthony Brooks,United States of America,Hertha Berlin,['Left Center Back'],23.0,1818.0
Jon Gorenc Stankovič,Slovenia,Borussia Dortmund,[],,
Jonas Hector,Germany,FC Köln,"['Right Defensive Midfield', 'Left Defensive Midfield']",32.0,2858.0
Jonas Hofmann,Germany,Borussia Dortmund,[],15.0,530.0
Jonathan Schmid,France,Hoffenheim,"['Left Midfield', 'Right Midfield']",23.0,1471.0
Jonathan Tah,Germany,Bayer Leverkusen,['Right Center Back'],29.0,2565.0
Joo-Ho Park,Korea (South),Borussia Dortmund,[],6.0,403.0
Joshua Kimmich,Germany,Bayern Munich,[],23.0,1434.0
Josip Drmic,Switzerland,Hamburger SV,"['Left Center Midfield', 'Left Wing']",19.0,898.0
Josuha Guilavogui,France,Wolfsburg,"['Center Defensive Midfield', 'Left Defensive Midfield']",30.0,2334.0
Joël Abu Hanna,Israel,Bayer Leverkusen,[],,
Joël Andre Job Matip,Cameroon,Schalke 04,"['Right Center Back', 'Left Center Back']",34.0,3060.0
Juan Bernat Velasco,Spain,Bayern Munich,['Left Back'],16.0,1152.0
Julian Baumgartlinger,Austria,FSV Mainz 05,['Right Defensive Midfield'],31.0,2719.0
Julian Brandt,Germany,Bayer Leverkusen,"['Left Midfield', 'Right Midfield']",29.0,1642.0
Julian Draxler,Germany,Wolfsburg,"['Right Center Midfield', 'Right Midfield']",24.0,1850.0
Julian Korb,Germany,Borussia Mönchengladbach,"['Left Wing Back', 'Right Wing Back']",17.0,1267.0
Julian Schieber,Germany,Hertha Berlin,"['Left Defensive Midfield', 'Left Center Forward']",6.0,155.0
Julian Weigl,Germany,Borussia Dortmund,['Center Defensive Midfield'],30.0,2253.0
Julian von Haacke,Germany,Werder Bremen,[],,
Julian-Maurice Derstroff,Germany,FSV Mainz 05,[],,
Jérôme Boateng,Germany,Bayern Munich,"['Right Center Back', 'Center Back', 'Left Center Back']",19.0,1365.0
Jérôme Gondorf,Germany,Darmstadt 98,['Left Defensive Midfield'],33.0,2915.0
Júnior Enrique Díaz Campbell,Costa Rica,Darmstadt 98,[],12.0,878.0
Kaan Ayhan,Turkey,Eintracht Frankfurt,[],3.0,85.0
Karim Bellarabi,Germany,Bayer Leverkusen,"['Left Midfield', 'Right Midfield']",33.0,2602.0
Karim Onisiwo,Austria,FSV Mainz 05,['Left Wing'],9.0,347.0
Kazuki Nagasawa,Japan,FC Köln,[],1.0,45.0
Kenan Karaman,Turkey,Hannover 96,"['Right Wing', 'Left Wing']",23.0,1750.0
Kerim Carolus,Germany,Hamburger SV,[],,
Kevin De Bruyne,Belgium,Wolfsburg,"['Right Center Midfield', 'Left Center Midfield', 'Right Midfield', 'Center Attacking Midfield']",2.0,164.0
Kevin Großkreutz,Germany,VfB Stuttgart,['Right Back'],10.0,900.0
Kevin Kampl,Slovenia,Bayer Leverkusen,['Left Defensive Midfield'],23.0,1767.0
Kevin Kuranyi,Germany,Hoffenheim,"['Center Defensive Midfield', 'Right Center Forward']",14.0,555.0
Kevin Vogt,Germany,FC Köln,"['Right Defensive Midfield', 'Left Defensive Midfield']",23.0,1491.0
Kevin Volland,Germany,Hoffenheim,"['Left Midfield', 'Left Wing', 'Left Attacking Midfield']",33.0,2729.0
Kingsley Coman,France,Bayern Munich,"['Right Center Midfield', 'Left Wing', 'Left Wing Back', 'Right Wing Back']",23.0,1690.0
Klaas-Jan Huntelaar,Netherlands,Schalke 04,['Center Forward'],31.0,2479.0
Koen Casteels,Belgium,Wolfsburg,[],13.0,1170.0
Konstantin Engel,Kazakhstan,Ingolstadt,[],4.0,198.0
Konstantin Rausch,Russia,Darmstadt 98,['Left Wing'],31.0,2117.0
Konstantinos Stafylidis,Greece,Augsburg,[],11.0,693.0
Kyriakos Papadopoulos,Greece,Bayer Leverkusen,['Right Defensive Midfield'],16.0,1005.0
Lars Bender,Germany,Bayer Leverkusen,"['Right Center Back', 'Left Defensive Midfield', 'Right Back']",11.0,883.0
Lars Edi Stindl,Germany,Borussia Mönchengladbach,"['Right Defensive Midfield', 'Center Attacking Midfield', 'Left Center Forward']",30.0,2597.0
Leandro Putaro,Germany,Wolfsburg,[],4.0,58.0
Leon Aderemi Balogun,Nigeria,FSV Mainz 05,['Right Back'],21.0,1524.0
Leon Andreasen,Denmark,Hannover 96,"['Right Defensive Midfield', 'Center Attacking Midfield']",15.0,1085.0
Leon Goretzka,Germany,Schalke 04,['Left Defensive Midfield'],25.0,1993.0
Leon Guwara,Gambia,Werder Bremen,[],1.0,90.0
Leonardo Bittencourt,Germany,FC Köln,['Left Wing'],29.0,2207.0
Leroy Sané,Germany,Schalke 04,['Right Midfield'],34.0,2437.0
Levent Ayçiçek,Germany,Werder Bremen,[],,
Levin Mete Öztunali,Germany,Werder Bremen,"['Right Midfield', 'Left Center Forward']",25.0,1427.0
Lewis Harry Holtby,Germany,Hamburger SV,"['Right Defensive Midfield', 'Left Defensive Midfield']",34.0,2896.0
Loris Karius,Germany,FSV Mainz 05,['Goalkeeper'],34.0,3060.0
Luc Castaignos,Netherlands,Eintracht Frankfurt,['Center Forward'],19.0,956.0
Luca Caldirola,Italy,Darmstadt 98,['Left Center Back'],34.0,3060.0
Luca-Milan Zander,Germany,Werder Bremen,[],2.0,104.0
Luiz Gustavo Dias,Brazil,Wolfsburg,['Left Defensive Midfield'],22.0,1804.0
Lukas Boeder,Germany,Bayer Leverkusen,[],,
Lukas Fröde,Germany,Werder Bremen,[],8.0,138.0
Lukas Hinterseer,Austria,Ingolstadt,['Left Wing'],28.0,1741.0
Lukas Klünter,Germany,FC Köln,['Right Midfield'],1.0,18.0
Lukas Rupp,Germany,VfB Stuttgart,['Right Defensive Midfield'],29.0,2109.0
Lukáš Hrádecký,Finland,Eintracht Frankfurt,['Goalkeeper'],34.0,3060.0
László Kleinheisler,Hungary,Werder Bremen,[],6.0,205.0
Mahmoud Dahoud,Germany,Borussia Mönchengladbach,[],32.0,2079.0
Makoto Hasebe,Japan,Eintracht Frankfurt,['Right Defensive Midfield'],32.0,2672.0
Manuel Neuer,Germany,Bayern Munich,['Goalkeeper'],34.0,3020.0
Manuel Schmiedebach,Germany,Hannover 96,['Left Defensive Midfield'],22.0,1800.0
Marc Stendera,Germany,Eintracht Frankfurt,['Left Defensive Midfield'],26.0,2051.0
Marcel  Hilßner,Germany,Werder Bremen,['Left Center Midfield'],1.0,36.0
Marcel Hartel,Germany,FC Köln,[],6.0,103.0
Marcel Heller,Germany,Darmstadt 98,['Right Wing'],33.0,2938.0
Marcel Risse,Germany,FC Köln,"['Right Wing', 'Right Wing Back']",33.0,2961.0
Marcel Schmelzer,Germany,Borussia Dortmund,['Left Back'],26.0,2068.0
Marcel Schäfer,Germany,Wolfsburg,['Left Back'],21.0,1324.0
Marcelo Alfonso Díaz Rojas,Chile,Hamburger SV,[],11.0,487.0
Marcelo Antônio Guedes Filho,Brazil,Hannover 96,['Right Center Back'],19.0,1710.0
Marco Höger,Germany,Schalke 04,['Right Center Midfield'],5.0,190.0
Marco Jhonfai Fabián De La Mora,Mexico,Eintracht Frankfurt,[],11.0,805.0
Marco Reus,Germany,Borussia Dortmund,['Left Wing'],26.0,1922.0
Marco Russ,Germany,Eintracht Frankfurt,['Left Center Back'],28.0,2360.0
Marco Sailer,Germany,Darmstadt 98,"['Left Midfield', 'Center Attacking Midfield']",14.0,466.0
Mario Götze,Germany,Bayern Munich,['Right Center Midfield'],14.0,955.0
Mario Vrančić,Bosnia and Herzegovina,Darmstadt 98,['Center Attacking Midfield'],22.0,1053.0
Marius Gersbeck,Germany,Hertha Berlin,[],,
Marius Wolf,Germany,Hannover 96,[],2.0,140.0
Mark Uth,Germany,Hoffenheim,"['Right Wing', 'Right Midfield', 'Right Attacking Midfield']",25.0,1433.0
Markus Feulner,Germany,Augsburg,['Left Back'],20.0,1196.0
Markus Suttner,Austria,Ingolstadt,['Left Back'],18.0,1347.0
Marlon Frey,Germany,Bayer Leverkusen,['Right Back'],9.0,266.0
Marlon Ritter,Germany,Borussia Mönchengladbach,[],,
Mart Ristl,Germany,VfB Stuttgart,[],3.0,52.0
Martin Harnik,Austria,VfB Stuttgart,"['Right Midfield', 'Right Center Forward']",19.0,1021.0
Martin Hinteregger,Austria,Borussia Mönchengladbach,[],10.0,669.0
Martin Stranzl,Austria,Borussia Mönchengladbach,"['Right Center Back', 'Right Center Forward']",4.0,167.0
Marvin Friedrich,Germany,Schalke 04,[],2.0,8.0
Marvin Matip,Cameroon,Ingolstadt,['Right Center Back'],33.0,2927.0
Marvin Plattenhardt,Germany,Hertha Berlin,['Left Back'],33.0,2970.0
Marvin Schulz,Germany,Borussia Mönchengladbach,"['Right Defensive Midfield', 'Left Wing Back', 'Left Defensive Midfield']",8.0,407.0
Marvin Wanitzek,Germany,VfB Stuttgart,['Right Defensive Midfield'],1.0,7.0
Marwin Hitz,Switzerland,Augsburg,['Goalkeeper'],33.0,2966.0
Mathew Leckie,Australia,Ingolstadt,['Left Wing'],32.0,2481.0
Matija Nastasić,Serbia,Schalke 04,['Left Center Back'],1.0,16.0
Mats Hummels,Germany,Borussia Dortmund,['Left Center Back'],30.0,2495.0
Matthias Ginter,Germany,Borussia Dortmund,[],24.0,1893.0
Matthias Lehmann,Germany,FC Köln,['Right Defensive Midfield'],32.0,2809.0
Matthias Ostrzolek,Germany,Hamburger SV,[],32.0,2835.0
Matthias Zimmermann,Germany,VfB Stuttgart,['Right Back'],2.0,165.0
Maurice Hirsch,Germany,Hannover 96,[],,
Maurice Multhaup,Germany,Ingolstadt,['Right Wing'],4.0,94.0
Max Christiansen,Germany,Ingolstadt,"['Left Center Midfield', 'Center Defensive Midfield']",19.0,1053.0
Max Grün,Germany,Wolfsburg,[],,
Max Kruse,Germany,Wolfsburg,"['Right Center Forward', 'Left Center Forward', 'Center Forward']",32.0,2426.0
Max Meyer,Germany,Schalke 04,['Right Center Midfield'],32.0,2319.0
Maximilian Arnold,Germany,Wolfsburg,"['Left Center Midfield', 'Right Defensive Midfield', 'Center Attacking Midfield']",31.0,2060.0
Maximilian Beister,Germany,FSV Mainz 05,[],1.0,9.0
Maximilian Eggestein,Germany,Werder Bremen,['Center Attacking Midfield'],7.0,188.0
Maximilian Mittelstädt,Germany,Hertha Berlin,[],3.0,185.0
Medhi Amine El Mouttaqi Benatia,Morocco,Bayern Munich,['Right Center Back'],14.0,979.0
Melvyn Lorenzen,Germany,Werder Bremen,[],9.0,168.0
Mevlüt Erdinç,Turkey,Hannover 96,"['Right Defensive Midfield', 'Center Forward']",11.0,401.0
Michael Gregoritsch,Austria,Hamburger SV,"['Left Center Midfield', 'Center Attacking Midfield']",25.0,1463.0
Michael Gspurning,Austria,Schalke 04,[],,
Michael Stegmayer,Germany,Darmstadt 98,[],,
Michael Zetterer,Germany,Werder Bremen,[],1.0,90.0
Miiko Martín Albornoz Inola,Chile,Hannover 96,['Left Back'],23.0,2070.0
Mijat Gaćinović,Serbia,Eintracht Frankfurt,[],8.0,425.0
Mike-Steven Bähre,Germany,Hannover 96,"['Right Wing', 'Center Attacking Midfield']",1.0,18.0
Milan Ivana,Slovakia,Darmstadt 98,['Left Midfield'],1.0,3.0
Milos Veljkovic,Serbia,Werder Bremen,"['Right Defensive Midfield', 'Left Defensive Midfield']",3.0,96.0
Miloš Jojić,Serbia,FC Köln,['Left Defensive Midfield'],15.0,521.0
Miloš Pantović,Serbia,Bayern Munich,[],1.0,1.0
Mitchell James Langerak,Australia,VfB Stuttgart,['Goalkeeper'],2.0,180.0
Mitchell Weiser,Germany,Hertha Berlin,['Right Wing'],29.0,2433.0
Moritz Hartmann,Germany,Ingolstadt,['Right Wing'],30.0,2018.0
Moritz Leitner,Germany,Borussia Dortmund,['Center Attacking Midfield'],9.0,332.0
Mustafa Batuhan Altıntaş,Turkey,Hamburger SV,['Center Forward'],1.0,30.0
Márcio Rafael Ferreira de Souza,Brazil,Bayern Munich,[],25.0,1763.0
Mërgim Mavraj,Albania,FC Köln,['Center Back'],12.0,992.0
Nabil Bahoui,Sweden,Hamburger SV,['Left Wing'],6.0,226.0
Nadiem Amiri,Germany,Hoffenheim,['Left Midfield'],25.0,1483.0
Neven Subotić,Serbia,Borussia Dortmund,[],6.0,468.0
Nicklas Bendtner,Denmark,Wolfsburg,[],13.0,436.0
Nico Beyer,Germany,Hertha Berlin,[],,
Nico Elvedi,Switzerland,Borussia Mönchengladbach,['Right Center Back'],21.0,1554.0
Nico Rinderknecht,Germany,Eintracht Frankfurt,"['Right Center Midfield', 'Center Back']",1.0,6.0
Nico Schulz,Germany,Borussia Mönchengladbach,"['Left Midfield', 'Left Center Midfield', 'Right Midfield']",2.0,61.0
Nicolai Müller,Germany,Hamburger SV,['Right Wing'],29.0,2163.0
Niki Dige Zimling,Denmark,FSV Mainz 05,[],,
Niklas Feierabend,Germany,Hannover 96,[],,
Niklas Stark,Germany,Hertha Berlin,['Left Center Back'],21.0,1427.0
Niklas Süle,Germany,Hoffenheim,['Left Center Back'],33.0,2970.0
Niko Bungert,Germany,FSV Mainz 05,['Right Center Back'],21.0,1745.0
Nils-Jonathan Körber,Germany,Hertha Berlin,[],,
Noah-Joel Sarenren-Bazee,Nigeria,Hannover 96,"['Right Wing', 'Left Wing']",5.0,379.0
Nuri Şahin,Turkey,Borussia Dortmund,[],9.0,505.0
Odisseas Vlachodimos,Greece,VfB Stuttgart,[],3.0,204.0
Oliver Baumann,Germany,Hoffenheim,[],33.0,2970.0
Oliver Hüsing,Germany,Werder Bremen,"['Left Center Back', 'Center Forward']",1.0,9.0
Oliver Sorg,Germany,Hannover 96,['Left Back'],20.0,1593.0
Oscar Wendt,Sweden,Borussia Mönchengladbach,"['Left Back', 'Left Wing Back']",30.0,2637.0
Pablo Ezequiel De Blasis,Argentina,FSV Mainz 05,"['Right Wing', 'Right Midfield']",26.0,1671.0
Papiss Mison Djilobodji,Senegal,Werder Bremen,['Left Center Back'],14.0,1260.0
Pascal Groß,Germany,Ingolstadt,['Right Center Midfield'],32.0,2845.0
Pascal Stenzel,Germany,Borussia Dortmund,[],,
Patrick Herrmann,Germany,Borussia Mönchengladbach,"['Left Wing Back', 'Right Wing Back', 'Left Center Forward']",18.0,660.0
Patrick Platins,Germany,Darmstadt 98,[],,
Patrick Weihrauch,Germany,Bayern Munich,[],,
Patrik Džalto,Croatia,Bayer Leverkusen,[],,
Paul Seguin,Germany,Wolfsburg,['Right Center Midfield'],4.0,181.0
Paul Verhaegh,Netherlands,Augsburg,['Right Back'],25.0,2199.0
Pavel Kadeřábek,Czech Republic,Hoffenheim,"['Right Wing Back', 'Right Back']",28.0,2242.0
Paweł Olkowski,Poland,FC Köln,['Right Wing Back'],19.0,1064.0
Per Ciljan Skjelbred,Norway,Hertha Berlin,"['Right Defensive Midfield', 'Left Defensive Midfield']",31.0,2692.0
Peter Niemeyer,Germany,Darmstadt 98,['Right Defensive Midfield'],31.0,2560.0
Peter Pekarík,Slovakia,Hertha Berlin,['Right Back'],12.0,1065.0
Philip Heise,Germany,VfB Stuttgart,[],5.0,157.0
Philipp Bargfrede,Germany,Werder Bremen,"['Left Center Midfield', 'Center Defensive Midfield']",14.0,1183.0
Philipp Hosiner,Austria,FC Köln,[],15.0,602.0
Philipp Lahm,Germany,Bayern Munich,['Right Back'],26.0,2200.0
Philipp Max,Germany,Augsburg,['Left Back'],26.0,2097.0
Philipp Ochs,Germany,Hoffenheim,['Right Center Midfield'],13.0,583.0
Philipp Tschauner,Germany,Hannover 96,[],,
Phillipp Klement,Germany,FSV Mainz 05,[],2.0,36.0
Phillipp Steinhart,Germany,Bayern Munich,[],,
Pierre Bengtsson,Sweden,FSV Mainz 05,['Left Back'],16.0,1276.0
Pierre-Emerick Aubameyang,Gabon,Borussia Dortmund,['Center Forward'],31.0,2471.0
Pierre-Emile Højbjerg,Denmark,Schalke 04,[],23.0,1310.0
Pierre-Michel Lasogga,Germany,Hamburger SV,"['Right Defensive Midfield', 'Center Forward']",30.0,1779.0
Piotr Trochowski,Germany,Augsburg,[],6.0,159.0
Pirmin Schwegler,Switzerland,Hoffenheim,"['Right Defensive Midfield', 'Center Defensive Midfield']",21.0,1427.0
Przemysław Tytoń,Poland,VfB Stuttgart,['Goalkeeper'],30.0,2700.0
Raffael Caetano de Araújo,Brazil,Borussia Mönchengladbach,[],31.0,2678.0
Ragnar Klavan,Estonia,Augsburg,['Left Center Back'],31.0,2786.0
Ralf Fährmann,Germany,Schalke 04,['Goalkeeper'],34.0,3059.0
Ramazan Özcan,Austria,Ingolstadt,[],28.0,2520.0
Raúl Marcelo Bobadilla,Paraguay,Augsburg,"['Left Center Forward', 'Center Forward']",27.0,1883.0
René Adler,Germany,Hamburger SV,['Goalkeeper'],24.0,2109.0
Ricardo Iván Rodríguez Araya,Switzerland,Wolfsburg,['Left Back'],24.0,2069.0
Robbie Kruse,Australia,VfB Stuttgart,['Right Wing'],12.0,476.0
Robert Bauer,Germany,Ingolstadt,['Center Defensive Midfield'],24.0,1700.0
Robert Lewandowski,Poland,Bayern Munich,['Center Forward'],32.0,2657.0
Roberto Hilbert,Germany,Bayer Leverkusen,['Right Back'],12.0,783.0
Robin Knoche,Germany,Wolfsburg,[],11.0,821.0
Robin Zentner,Germany,FSV Mainz 05,[],,
Roel Brouwers,Netherlands,Borussia Mönchengladbach,"['Center Back', 'Right Center Forward']",8.0,298.0
Roger de Oliveira Bernardo,Brazil,Ingolstadt,['Center Defensive Midfield'],29.0,2503.0
Romain Brégerie,France,Ingolstadt,[],22.0,1151.0
Roman Bürki,Switzerland,Borussia Dortmund,['Goalkeeper'],33.0,2970.0
Roman Neustädter,Russia,Schalke 04,"['Right Center Back', 'Left Center Back']",30.0,2399.0
Roman Weidenfeller,Germany,Borussia Dortmund,[],1.0,90.0
Ron-Robert Zieler,Germany,Hannover 96,['Goalkeeper'],34.0,3060.0
Ronaldo Aparecido Rodrigues,Brazil,Wolfsburg,['Right Center Back'],29.0,2595.0
Ronny Heberson Furtado de Araújo,Brazil,Hertha Berlin,[],1.0,32.0
Roy Beerens,Netherlands,Hertha Berlin,[],2.0,134.0
Rune Almenning Jarstein,Norway,Hertha Berlin,['Goalkeeper'],29.0,2566.0
Russell Canouse,United States of America,Hoffenheim,['Center Defensive Midfield'],1.0,28.0
Salif Sané,Senegal,Hannover 96,['Left Center Back'],31.0,2755.0
Salomon Armand Magloire Kalou,Côte d'Ivoire,Hertha Berlin,"['Right Wing', 'Right Midfield', 'Center Attacking Midfield']",32.0,2526.0
Sambou Yatabaré,Mali,Werder Bremen,['Right Wing'],8.0,492.0
Sandro Sirigu,Germany,Darmstadt 98,"['Center Attacking Midfield', 'Right Wing Back']",6.0,135.0
Sandro Wagner,Germany,Darmstadt 98,['Center Forward'],32.0,2501.0
Santiago García,Argentina,Werder Bremen,['Left Back'],29.0,2460.0
Sascha Burchert,Germany,Hertha Berlin,[],,
Sascha Mölders,Germany,Augsburg,[],4.0,39.0
Sascha Riether,Germany,Schalke 04,[],17.0,1343.0
Sead Kolašinac,Bosnia and Herzegovina,Schalke 04,['Left Back'],23.0,1583.0
Sebastian Boenisch,Poland,Bayer Leverkusen,[],8.0,621.0
Sebastian Jung,Germany,Wolfsburg,"['Right Midfield', 'Right Back']",11.0,542.0
Sebastian Langkamp,Germany,Hertha Berlin,['Right Center Back'],22.0,1878.0
Sebastian Rode,Germany,Bayern Munich,[],15.0,428.0
Sebastian Rudy,Germany,Hoffenheim,"['Right Center Midfield', 'Right Defensive Midfield', 'Left Defensive Midfield']",24.0,1833.0
Sebastian Stolze,Germany,Wolfsburg,[],,
Serdar Taşçı,Germany,Bayern Munich,[],3.0,218.0
Sereso Geoffroy Gonzaroua Dié,Côte d'Ivoire,VfB Stuttgart,['Right Defensive Midfield'],23.0,1818.0
Seung-Woo Ryu,Korea (South),Bayer Leverkusen,[],,
Shawn Parker,Germany,Augsburg,[],,
Shinji Kagawa,Japan,Borussia Dortmund,"['Left Center Midfield', 'Left Wing']",29.0,2169.0
Sidney Sam,Germany,Schalke 04,"['Left Center Midfield', 'Center Attacking Midfield']",2.0,21.0
Simon Zoller,Germany,FC Köln,['Left Wing'],24.0,1244.0
Slobodan Medojević,Serbia,Eintracht Frankfurt,"['Right Center Midfield', 'Center Defensive Midfield', 'Center Attacking Midfield']",14.0,619.0
Slobodan Rajković,Serbia,Darmstadt 98,[],15.0,1016.0
Sokratis Papastathopoulos,Greece,Borussia Dortmund,"['Right Center Back', 'Left Center Back']",25.0,2124.0
Sonny Kittel,Germany,Eintracht Frankfurt,['Left Wing'],8.0,293.0
Stefan Aigner,Germany,Eintracht Frankfurt,['Right Wing'],31.0,2408.0
Stefan Bell,Germany,FSV Mainz 05,['Left Center Back'],30.0,2637.0
Stefan Kießling,Germany,Bayer Leverkusen,['Right Center Forward'],30.0,1927.0
Stefan Lex,Germany,Ingolstadt,['Center Defensive Midfield'],21.0,910.0
Stefan Reinartz,Germany,Eintracht Frankfurt,[],15.0,1202.0
Stefan Wannenwetsch,Germany,Ingolstadt,"['Left Center Midfield', 'Center Forward']",1.0,38.0
Steven Zuber,Switzerland,Hoffenheim,[],12.0,592.0
Suat Serdar,Germany,FSV Mainz 05,['Center Attacking Midfield'],12.0,231.0
Sven Bender,Germany,Borussia Dortmund,"['Right Center Back', 'Left Center Back']",19.0,1265.0
Sven Schipplock,Germany,Hamburger SV,"['Center Attacking Midfield', 'Center Forward']",20.0,961.0
Sven Ulreich,Germany,Bayern Munich,[],1.0,40.0
Szabolcs Huszti,Hungary,Eintracht Frankfurt,['Left Defensive Midfield'],15.0,1181.0
Takashi Inui,Japan,Eintracht Frankfurt,['Left Midfield'],1.0,45.0
Tarik Elyounoussi,Norway,Hoffenheim,"['Left Back', 'Left Center Midfield', 'Left Wing Back']",6.0,427.0
Theodor Gebre Selassie,Czech Republic,Werder Bremen,['Right Back'],33.0,2959.0
Thiago Alcântara do Nascimento,Spain,Bayern Munich,['Left Center Midfield'],27.0,1663.0
Thilo Kehrer,Germany,Schalke 04,[],1.0,2.0
Thomas Blomeyer,Germany,Ingolstadt,[],,
Thomas Kessler,Germany,FC Köln,['Goalkeeper'],1.0,90.0
Thomas Kraft,Germany,Hertha Berlin,['Goalkeeper'],6.0,495.0
Thomas Müller,Germany,Bayern Munich,"['Right Wing', 'Center Forward']",31.0,2352.0
Thomas Pledl,Germany,Ingolstadt,[],,
Thorgan Hazard,Belgium,Borussia Mönchengladbach,"['Right Center Forward', 'Left Center Forward']",29.0,1667.0
Tim Dierßen,Germany,Hannover 96,['Center Attacking Midfield'],1.0,20.0
Tim Matavž,Slovenia,Augsburg,['Right Defensive Midfield'],11.0,389.0
Tim Rieder,Germany,Augsburg,[],,
Timm Klose,Switzerland,Wolfsburg,[],8.0,636.0
Timo Baumgartl,Germany,VfB Stuttgart,['Right Center Back'],19.0,1552.0
Timo Horn,Germany,FC Köln,[],33.0,2970.0
Timo Werner,Germany,VfB Stuttgart,['Center Forward'],33.0,2201.0
Timothy Chandler,United States of America,Eintracht Frankfurt,['Right Wing Back'],12.0,681.0
Tin Jedvaj,Croatia,Bayer Leverkusen,"['Left Defensive Midfield', 'Right Back']",15.0,959.0
Tino Dehmelt,Germany,Hamburger SV,[],,
Tobias Kempe,Germany,Darmstadt 98,"['Right Wing', 'Left Attacking Midfield']",31.0,1353.0
Tobias Levels,Germany,Ingolstadt,[],16.0,1440.0
Tobias Sippel,Germany,Borussia Mönchengladbach,['Goalkeeper'],2.0,180.0
Tobias Strobl,Germany,Hoffenheim,"['Left Back', 'Left Center Midfield', 'Left Center Back', 'Left Defensive Midfield']",26.0,2089.0
Tobias Werner,Germany,Augsburg,"['Left Midfield', 'Left Wing']",13.0,719.0
Todor Nedelev,Bulgaria,FSV Mainz 05,[],,
Tohouri Zahoui Constant Djakpa,Côte d'Ivoire,Eintracht Frankfurt,['Left Wing Back'],12.0,762.0
Tolga Ciğerci,Turkey,Hertha Berlin,['Left Defensive Midfield'],18.0,1041.0
Tom Mickel,Germany,Hamburger SV,['Goalkeeper'],1.0,90.0
Tom Starke,Germany,Bayern Munich,[],,
Tomáš Pekhart,Czech Republic,Ingolstadt,['Center Forward'],4.0,94.0
Toni Šunjić,Bosnia and Herzegovina,VfB Stuttgart,['Right Center Back'],19.0,1382.0
Tony Jantschke,Germany,Borussia Mönchengladbach,['Right Defensive Midfield'],12.0,753.0
Uffe Manich Bech,Denmark,Hannover 96,"['Right Wing', 'Left Wing']",11.0,687.0
Uilson de Souza Paula Júnior,Brazil,Schalke 04,[],23.0,1853.0
Ulisses Alexandre Garcia Lopes,Switzerland,Werder Bremen,['Left Back'],11.0,598.0
Valentin Stocker,Switzerland,Hertha Berlin,[],22.0,857.0
Valmir Sulejmani,Kosovo,Hannover 96,"['Right Wing', 'Right Center Forward']",4.0,127.0
Vedad Ibišević,Bosnia and Herzegovina,Hertha Berlin,"['Right Center Forward', 'Center Forward']",26.0,2165.0
Vladimír Darida,Czech Republic,Hertha Berlin,"['Right Wing', 'Right Defensive Midfield', 'Center Attacking Midfield']",31.0,2588.0
Vladlen Yurchenko,Ukraine,Bayer Leverkusen,[],7.0,300.0
Václav Kadlec,Czech Republic,Eintracht Frankfurt,[],5.0,119.0
Waldemar Anton,Germany,Hannover 96,"['Right Wing', 'Right Defensive Midfield']",8.0,585.0
Wendell Nascimento Borges,Brazil,Bayer Leverkusen,['Left Back'],28.0,2411.0
Xabier Alonso Olano,Spain,Bayern Munich,['Center Defensive Midfield'],26.0,1952.0
Yann Sommer,Switzerland,Borussia Mönchengladbach,[],32.0,2880.0
Yanni Regäsel,Germany,Eintracht Frankfurt,[],16.0,1279.0
Yannick Gerhardt,Germany,FC Köln,['Left Defensive Midfield'],29.0,1905.0
Yannick Joschka Zummack,Germany,Eintracht Frankfurt,[],,
Yannik Oettl,Germany,Augsburg,[],,
Yoshinori Muto,Japan,FSV Mainz 05,['Left Center Forward'],20.0,1492.0
Younès Belhanda,Morocco,Schalke 04,['Left Center Midfield'],15.0,828.0
Yunus Mallı,Turkey,FSV Mainz 05,"['Right Center Forward', 'Left Defensive Midfield']",34.0,2787.0
Yūya Ōsako,Japan,FC Köln,"['Right Wing', 'Right Wing Back']",25.0,1374.0
Zlatko Junuzović,Austria,Werder Bremen,['Left Center Midfield'],30.0,2370.0
Zoltán Stieber,Hungary,Hamburger SV,[],2.0,10.0
Ádám Szalai,Hungary,Hannover 96,[],16.0,819.0
Álvaro Domínguez Soto,Spain,Borussia Mönchengladbach,['Left Center Back'],6.0,478.0
Änis Ben-Hatira,Tunisia,Eintracht Frankfurt,['Left Wing'],9.0,608.0
Ömer Toprak,Turkey,Bayer Leverkusen,['Left Center Back'],19.0,1412.0
Özkan Yıldırım,Germany,Werder Bremen,['Right Wing'],1.0,18.0
Ørjan Håskjold Nyland,Norway,Ingolstadt,['Goalkeeper'],6.0,540.0
İlkay Gündoğan,Germany,Borussia Dortmund,['Right Center Midfield'],25.0,1997.0
Łukasz Piszczek,Poland,Borussia Dortmund,['Right Back'],20.0,1533.0
Łukasz Załuska,Poland,Darmstadt 98,[],1.0,90.0
