Season,League,Team,Player,Nation,Pos,Age,MP,Playing Time_Starts,Playing Time_Min,Playing Time_90s,Performance_GA,Performance_GA90,Performance_SoTA,Performance_Saves,Performance_Save%,Performance_W,Performance_D,Performance_L,Performance_CS,Performance_CS%,Penalty Kicks_PKatt,Penalty Kicks_PKA,Penalty Kicks_PKsv,Penalty Kicks_PKm,Penalty Kicks_Save%
2022-2023,EPL,Manchester City,Ederson,BRA,GK,28.0,35.0,35.0,3150.0,35.0,32.0,0.91,77.0,46.0,62.3,26.0,4.0,5.0,11.0,31.4,3.0,3.0,0.0,0.0,0.0
2022-2023,EPL,Manchester City,Stefan Ortega,GER,GK,29.0,3.0,3.0,270.0,3.0,1.0,0.33,15.0,14.0,93.3,2.0,1.0,0.0,2.0,66.7,0.0,0.0,0.0,0.0,
2022-2023,EPL,Arsenal,Aaron Ramsdale,ENG,GK,24.0,38.0,38.0,3420.0,38.0,43.0,1.13,136.0,94.0,70.6,26.0,6.0,6.0,14.0,36.8,5.0,3.0,0.0,2.0,0.0
2022-2023,EPL,Manchester Utd,David de Gea,ESP,GK,31.0,38.0,38.0,3420.0,38.0,43.0,1.13,142.0,99.0,71.1,23.0,6.0,9.0,17.0,44.7,3.0,2.0,1.0,0.0,33.3
2022-2023,EPL,Newcastle Utd,Nick Pope,ENG,GK,30.0,37.0,37.0,3261.0,36.2,32.0,0.88,118.0,85.0,74.6,19.0,13.0,5.0,14.0,37.8,5.0,2.0,2.0,1.0,50.0
2022-2023,EPL,Newcastle Utd,Martin Dúbravka,SVK,GK,33.0,2.0,1.0,157.0,1.7,1.0,0.57,9.0,9.0,88.9,0.0,1.0,0.0,0.0,0.0,0.0,0.0,0.0,0.0,
2022-2023,EPL,Liverpool,Alisson,BRA,GK,29.0,37.0,37.0,3330.0,37.0,43.0,1.16,147.0,105.0,72.1,19.0,9.0,9.0,14.0,37.8,4.0,2.0,1.0,1.0,33.3
2022-2023,EPL,Liverpool,Caoimhín Kelleher,IRL,GK,23.0,1.0,1.0,90.0,1.0,4.0,4.0,10.0,6.0,60.0,0.0,1.0,0.0,0.0,0.0,0.0,0.0,0.0,0.0,
2022-2023,EPL,Brighton,Robert Sánchez,ESP,GK,24.0,23.0,23.0,2070.0,23.0,30.0,1.3,74.0,46.0,66.2,11.0,5.0,7.0,6.0,26.1,6.0,5.0,1.0,0.0,16.7
2022-2023,EPL,Brighton,Jason Steele,ENG,GK,31.0,15.0,15.0,1350.0,15.0,23.0,1.53,57.0,36.0,61.4,7.0,3.0,5.0,6.0,40.0,2.0,1.0,1.0,0.0,50.0
2022-2023,EPL,Aston Villa,Emiliano Martínez,ARG,GK,29.0,36.0,36.0,3139.0,34.9,38.0,1.09,132.0,97.0,74.2,17.0,7.0,12.0,11.0,30.6,5.0,4.0,1.0,0.0,20.0
2022-2023,EPL,Aston Villa,Robin Olsen,SWE,GK,32.0,4.0,2.0,281.0,3.1,8.0,2.56,19.0,11.0,63.2,1.0,0.0,1.0,1.0,50.0,1.0,1.0,0.0,0.0,0.0
2022-2023,EPL,Tottenham,Hugo Lloris,FRA,GK,35.0,25.0,25.0,2205.0,24.5,39.0,1.59,117.0,79.0,67.5,13.0,3.0,9.0,7.0,28.0,1.0,1.0,0.0,0.0,0.0
2022-2023,EPL,Tottenham,Fraser Forster,ENG,GK,34.0,14.0,13.0,1215.0,13.5,24.0,1.78,55.0,30.0,60.0,5.0,3.0,5.0,3.0,23.1,3.0,2.0,1.0,0.0,33.3
2022-2023,EPL,Brentford,David Raya,ESP,GK,26.0,38.0,38.0,3420.0,38.0,46.0,1.21,197.0,154.0,77.7,15.0,14.0,9.0,12.0,31.6,2.0,2.0,0.0,0.0,0.0
2022-2023,EPL,Fulham,Bernd Leno,GER,GK,30.0,36.0,36.0,3240.0,36.0,51.0,1.42,192.0,142.0,77.1,15.0,5.0,16.0,8.0,22.2,8.0,7.0,1.0,0.0,12.5
2022-2023,EPL,Fulham,Marek Rodák,SVK,GK,25.0,2.0,2.0,180.0,2.0,2.0,1.0,4.0,2.0,50.0,0.0,2.0,0.0,1.0,50.0,0.0,0.0,0.0,0.0,
2022-2023,EPL,Crystal Palace,Vicente Guaita,ESP,GK,35.0,27.0,27.0,2430.0,27.0,34.0,1.26,116.0,84.0,72.4,7.0,9.0,11.0,6.0,22.2,2.0,2.0,0.0,0.0,0.0
2022-2023,EPL,Crystal Palace,Sam Johnstone,ENG,GK,29.0,9.0,9.0,810.0,9.0,10.0,1.11,34.0,25.0,76.5,4.0,3.0,2.0,3.0,33.3,2.0,2.0,0.0,0.0,0.0
2022-2023,EPL,Crystal Palace,Joseph Whitworth,ENG,GK,18.0,2.0,2.0,180.0,2.0,5.0,2.5,10.0,5.0,50.0,0.0,0.0,2.0,0.0,0.0,0.0,0.0,0.0,0.0,
2022-2023,EPL,Chelsea,Kepa Arrizabalaga,ESP,GK,27.0,29.0,29.0,2565.0,28.5,33.0,1.16,120.0,90.0,73.3,8.0,9.0,12.0,9.0,31.0,1.0,1.0,0.0,0.0,0.0
2022-2023,EPL,Chelsea,Edouard Mendy,SEN,GK,30.0,10.0,9.0,855.0,9.5,14.0,1.47,39.0,25.0,64.1,3.0,2.0,4.0,1.0,11.1,0.0,0.0,0.0,0.0,
2022-2023,EPL,Wolves,José Sá,POR,GK,29.0,36.0,36.0,3240.0,36.0,55.0,1.53,161.0,105.0,67.1,11.0,7.0,18.0,11.0,30.6,4.0,2.0,2.0,0.0,50.0
2022-2023,EPL,Wolves,Daniel Bentley,ENG,GK,29.0,2.0,2.0,180.0,2.0,3.0,1.5,13.0,10.0,76.9,0.0,1.0,1.0,0.0,0.0,0.0,0.0,0.0,0.0,
2022-2023,EPL,West Ham,Łukasz Fabiański,POL,GK,37.0,36.0,36.0,3111.0,34.6,48.0,1.39,154.0,106.0,70.1,11.0,6.0,19.0,8.0,22.2,4.0,2.0,1.0,1.0,33.3
2022-2023,EPL,West Ham,Alphonse Areola,FRA,GK,29.0,5.0,2.0,309.0,3.4,7.0,2.04,16.0,9.0,68.8,0.0,1.0,1.0,1.0,50.0,2.0,2.0,0.0,0.0,0.0
2022-2023,EPL,Bournemouth,Neto,BRA,GK,33.0,27.0,27.0,2385.0,26.5,39.0,1.47,138.0,100.0,74.6,9.0,6.0,12.0,6.0,22.2,5.0,4.0,0.0,1.0,0.0
2022-2023,EPL,Bournemouth,Mark Travers,IRL,GK,23.0,12.0,11.0,1035.0,11.5,32.0,2.78,66.0,36.0,54.5,2.0,0.0,9.0,2.0,18.2,2.0,2.0,0.0,0.0,0.0
2022-2023,EPL,Nott'ham Forest,Dean Henderson,ENG,GK,25.0,18.0,18.0,1620.0,18.0,31.0,1.72,85.0,52.0,65.9,5.0,5.0,8.0,6.0,33.3,5.0,2.0,2.0,1.0,50.0
2022-2023,EPL,Nott'ham Forest,Keylor Navas,CRC,GK,35.0,17.0,17.0,1529.0,17.0,32.0,1.88,83.0,51.0,66.3,4.0,4.0,9.0,1.0,5.9,4.0,4.0,0.0,0.0,0.0
2022-2023,EPL,Nott'ham Forest,Wayne Hennessey,WAL,GK,35.0,4.0,3.0,271.0,3.0,5.0,1.66,14.0,9.0,64.3,0.0,2.0,1.0,1.0,33.3,0.0,0.0,0.0,0.0,
2022-2023,EPL,Everton,Jordan Pickford,ENG,GK,28.0,37.0,37.0,3330.0,37.0,57.0,1.54,181.0,123.0,71.3,7.0,12.0,18.0,8.0,21.6,6.0,5.0,1.0,0.0,16.7
2022-2023,EPL,Everton,Asmir Begović,BIH,GK,35.0,1.0,1.0,90.0,1.0,0.0,0.0,4.0,4.0,100.0,1.0,0.0,0.0,1.0,100.0,0.0,0.0,0.0,0.0,
2022-2023,EPL,Leicester City,Danny Ward,WAL,GK,29.0,26.0,26.0,2340.0,26.0,46.0,1.77,119.0,75.0,63.0,7.0,3.0,16.0,6.0,23.1,3.0,2.0,1.0,0.0,33.3
2022-2023,EPL,Leicester City,Daniel Iversen,DEN,GK,25.0,12.0,12.0,1080.0,12.0,22.0,1.83,59.0,38.0,66.1,2.0,4.0,6.0,1.0,8.3,2.0,2.0,0.0,0.0,0.0
2022-2023,EPL,Leeds United,Illan Meslier,FRA,GK,22.0,34.0,34.0,3060.0,34.0,67.0,1.97,158.0,92.0,59.5,7.0,9.0,18.0,5.0,14.7,3.0,3.0,0.0,0.0,0.0
2022-2023,EPL,Leeds United,Joel Robles,ESP,GK,32.0,4.0,4.0,360.0,4.0,11.0,2.75,27.0,16.0,66.7,0.0,1.0,3.0,0.0,0.0,3.0,2.0,0.0,1.0,0.0
2022-2023,EPL,Southampton,Gavin Bazunu,IRL,GK,20.0,32.0,32.0,2880.0,32.0,56.0,1.75,120.0,67.0,54.2,6.0,6.0,20.0,4.0,12.5,2.0,1.0,1.0,0.0,50.0
2022-2023,EPL,Southampton,Alex McCarthy,ENG,GK,32.0,6.0,6.0,540.0,6.0,17.0,2.83,30.0,14.0,46.7,0.0,1.0,5.0,0.0,0.0,1.0,1.0,0.0,0.0,0.0
2022-2023,Bundesliga,Bayern Munich,Yann Sommer,SUI,GK,33.0,19.0,19.0,1710.0,19.0,25.0,1.32,55.0,30.0,67.3,11.0,4.0,4.0,5.0,26.3,7.0,7.0,0.0,0.0,0.0
2022-2023,Bundesliga,Bayern Munich,Manuel Neuer,GER,GK,36.0,12.0,12.0,1080.0,12.0,11.0,0.92,44.0,33.0,79.5,7.0,4.0,1.0,4.0,33.3,2.0,2.0,0.0,0.0,0.0
2022-2023,Bundesliga,Bayern Munich,Sven Ulreich,GER,GK,33.0,3.0,3.0,270.0,3.0,2.0,0.67,8.0,5.0,75.0,3.0,0.0,0.0,2.0,66.7,1.0,0.0,1.0,0.0,100.0
2022-2023,Bundesliga,Dortmund,Gregor Kobel,SUI,GK,24.0,27.0,27.0,2430.0,27.0,32.0,1.19,119.0,88.0,73.9,19.0,3.0,5.0,11.0,40.7,1.0,1.0,0.0,0.0,0.0
2022-2023,Bundesliga,Dortmund,Alexander Meyer,GER,GK,31.0,7.0,7.0,630.0,7.0,12.0,1.71,32.0,20.0,62.5,3.0,2.0,2.0,1.0,14.3,0.0,0.0,0.0,0.0,
2022-2023,Bundesliga,RB Leipzig,Janis Blaswich,GER,GK,31.0,26.0,26.0,2340.0,26.0,29.0,1.12,75.0,45.0,69.3,16.0,4.0,6.0,7.0,26.9,7.0,6.0,1.0,0.0,14.3
2022-2023,Bundesliga,RB Leipzig,Péter Gulácsi,HUN,GK,32.0,6.0,6.0,540.0,6.0,10.0,1.67,26.0,17.0,65.4,2.0,2.0,2.0,2.0,33.3,1.0,1.0,0.0,0.0,0.0
2022-2023,Bundesliga,RB Leipzig,Ørjan Nyland,NOR,GK,31.0,2.0,2.0,180.0,2.0,2.0,1.0,5.0,4.0,60.0,2.0,0.0,0.0,1.0,50.0,0.0,0.0,0.0,0.0,
2022-2023,Bundesliga,Union Berlin,Frederik Rønnow,DEN,GK,29.0,29.0,29.0,2610.0,29.0,27.0,0.93,119.0,92.0,81.5,16.0,7.0,6.0,11.0,37.9,5.0,5.0,0.0,0.0,0.0
2022-2023,Bundesliga,Union Berlin,Lennart Grill,GER,GK,23.0,5.0,5.0,450.0,5.0,11.0,2.2,25.0,14.0,64.0,2.0,1.0,2.0,2.0,40.0,2.0,2.0,0.0,0.0,0.0
2022-2023,Bundesliga,Freiburg,Mark Flekken,NED,GK,29.0,34.0,34.0,3060.0,34.0,44.0,1.29,150.0,106.0,74.0,17.0,8.0,9.0,13.0,38.2,6.0,5.0,0.0,1.0,0.0
2022-2023,Bundesliga,Leverkusen,Lukáš Hrádecký,FIN,GK,32.0,33.0,33.0,2969.0,33.0,47.0,1.42,142.0,97.0,71.8,14.0,8.0,11.0,9.0,27.3,7.0,7.0,0.0,0.0,0.0
2022-2023,Bundesliga,Leverkusen,Andrey Lunyov,RUS,GK,30.0,1.0,1.0,90.0,1.0,2.0,2.0,4.0,2.0,50.0,0.0,0.0,1.0,0.0,0.0,0.0,0.0,0.0,0.0,
2022-2023,Bundesliga,Eint Frankfurt,Kevin Trapp,GER,GK,32.0,33.0,33.0,2970.0,33.0,51.0,1.55,130.0,80.0,62.3,13.0,10.0,10.0,6.0,18.2,2.0,2.0,0.0,0.0,0.0
2022-2023,Bundesliga,Eint Frankfurt,Diant Ramaj,GER,GK,20.0,1.0,1.0,90.0,1.0,1.0,1.0,5.0,4.0,80.0,0.0,1.0,0.0,0.0,0.0,0.0,0.0,0.0,0.0,
2022-2023,Bundesliga,Wolfsburg,Koen Casteels,BEL,GK,30.0,34.0,34.0,3060.0,34.0,48.0,1.41,147.0,101.0,70.1,13.0,10.0,11.0,12.0,35.3,7.0,4.0,1.0,2.0,20.0
2022-2023,Bundesliga,Mainz 05,Robin Zentner,GER,GK,27.0,26.0,26.0,2340.0,26.0,39.0,1.5,109.0,69.0,67.0,9.0,8.0,9.0,7.0,26.9,5.0,3.0,1.0,1.0,25.0
2022-2023,Bundesliga,Mainz 05,Finn Dahmen,GER,GK,24.0,8.0,8.0,720.0,8.0,16.0,2.0,44.0,26.0,65.9,3.0,2.0,3.0,0.0,0.0,3.0,1.0,2.0,0.0,66.7
2022-2023,Bundesliga,M'Gladbach,Jonas Omlin,SUI,GK,28.0,15.0,15.0,1290.0,14.3,18.0,1.26,56.0,38.0,71.4,5.0,4.0,6.0,5.0,33.3,2.0,2.0,0.0,0.0,0.0
2022-2023,Bundesliga,M'Gladbach,Yann Sommer,SUI,GK,33.0,10.0,10.0,900.0,10.0,14.0,1.4,60.0,47.0,80.0,4.0,4.0,2.0,3.0,30.0,2.0,2.0,0.0,0.0,0.0
2022-2023,Bundesliga,M'Gladbach,Tobias Sippel,GER,GK,34.0,6.0,5.0,510.0,5.7,12.0,2.12,33.0,21.0,66.7,1.0,1.0,3.0,1.0,20.0,1.0,1.0,0.0,0.0,0.0
2022-2023,Bundesliga,M'Gladbach,Jan Olschowsky,GER,GK,20.0,4.0,4.0,360.0,4.0,11.0,2.75,31.0,20.0,67.7,1.0,1.0,2.0,0.0,0.0,1.0,1.0,0.0,0.0,0.0
2022-2023,Bundesliga,Köln,Marvin Schwäbe,GER,GK,27.0,34.0,34.0,3060.0,34.0,54.0,1.59,129.0,77.0,61.2,10.0,12.0,12.0,6.0,17.6,5.0,4.0,1.0,0.0,20.0
2022-2023,Bundesliga,Hoffenheim,Oliver Baumann,GER,GK,32.0,34.0,34.0,3060.0,34.0,57.0,1.68,161.0,105.0,65.8,10.0,6.0,18.0,5.0,14.7,3.0,2.0,0.0,1.0,0.0
2022-2023,Bundesliga,Werder Bremen,Jiří Pavlenka,CZE,GK,30.0,33.0,33.0,2908.0,32.3,61.0,1.89,170.0,110.0,65.3,10.0,5.0,18.0,4.0,12.1,3.0,2.0,1.0,0.0,33.3
2022-2023,Bundesliga,Werder Bremen,Michael Zetterer,GER,GK,27.0,2.0,1.0,152.0,1.7,3.0,1.78,14.0,11.0,78.6,0.0,1.0,0.0,0.0,0.0,0.0,0.0,0.0,0.0,
2022-2023,Bundesliga,Bochum,Manuel Riemann,GER,GK,33.0,34.0,34.0,3060.0,34.0,72.0,2.12,200.0,128.0,68.0,10.0,5.0,19.0,5.0,14.7,14.0,8.0,3.0,3.0,27.3
2022-2023,Bundesliga,Augsburg,Rafał Gikiewicz,POL,GK,34.0,23.0,23.0,2070.0,23.0,41.0,1.78,136.0,93.0,70.6,8.0,3.0,12.0,5.0,21.7,4.0,1.0,2.0,1.0,66.7
2022-2023,Bundesliga,Augsburg,Tomáš Koubek,CZE,GK,29.0,11.0,11.0,990.0,11.0,22.0,2.0,65.0,45.0,66.2,1.0,4.0,6.0,1.0,9.1,0.0,0.0,0.0,0.0,
2022-2023,Bundesliga,Stuttgart,Florian Müller,GER,GK,24.0,19.0,19.0,1710.0,19.0,34.0,1.79,87.0,53.0,62.1,3.0,7.0,9.0,1.0,5.3,1.0,1.0,0.0,0.0,0.0
2022-2023,Bundesliga,Stuttgart,Fabian Bredlow,GER,GK,27.0,15.0,15.0,1350.0,15.0,23.0,1.53,59.0,37.0,69.5,4.0,5.0,6.0,1.0,6.7,5.0,5.0,0.0,0.0,0.0
2022-2023,Bundesliga,Schalke 04,Alexander Schwolow,GER,GK,30.0,23.0,22.0,2035.0,22.6,58.0,2.57,138.0,80.0,60.9,4.0,4.0,14.0,2.0,9.1,4.0,4.0,0.0,0.0,0.0
2022-2023,Bundesliga,Schalke 04,Ralf Fährmann,GER,GK,33.0,12.0,12.0,1025.0,11.4,13.0,1.14,55.0,43.0,78.2,3.0,6.0,3.0,5.0,41.7,2.0,1.0,0.0,1.0,0.0
2022-2023,Bundesliga,Hertha BSC,Oliver Christensen,DEN,GK,23.0,33.0,33.0,2970.0,33.0,68.0,2.06,163.0,94.0,61.3,6.0,8.0,19.0,3.0,9.1,6.0,5.0,1.0,0.0,16.7
2022-2023,Bundesliga,Hertha BSC,Tjark Ernst,GER,GK,19.0,1.0,1.0,90.0,1.0,1.0,1.0,7.0,6.0,85.7,1.0,0.0,0.0,0.0,0.0,0.0,0.0,0.0,0.0,
2022-2023,LaLiga,Barcelona,Marc-André ter Stegen,GER,GK,30.0,38.0,38.0,3347.0,37.2,18.0,0.48,98.0,83.0,84.7,28.0,4.0,6.0,26.0,68.4,3.0,3.0,0.0,0.0,0.0
2022-2023,LaLiga,Barcelona,Iñaki Peña,ESP,GK,23.0,2.0,0.0,73.0,0.8,2.0,2.47,4.0,2.0,50.0,0.0,0.0,0.0,0.0,,0.0,0.0,0.0,0.0,
2022-2023,LaLiga,Real Madrid,Thibaut Courtois,BEL,GK,30.0,31.0,31.0,2790.0,31.0,29.0,0.94,118.0,88.0,78.8,20.0,5.0,6.0,10.0,32.3,5.0,4.0,1.0,0.0,20.0
2022-2023,LaLiga,Real Madrid,Andriy Lunin,UKR,GK,23.0,7.0,7.0,630.0,7.0,7.0,1.0,18.0,12.0,61.1,4.0,1.0,2.0,3.0,42.9,0.0,0.0,0.0,0.0,
2022-2023,LaLiga,Atlético Madrid,Jan Oblak,SVN,GK,29.0,28.0,28.0,2492.0,27.7,20.0,0.72,79.0,59.0,75.9,17.0,5.0,6.0,11.0,39.3,2.0,1.0,0.0,1.0,0.0
2022-2023,LaLiga,Atlético Madrid,Ivo Grbić,CRO,GK,26.0,12.0,10.0,922.0,10.2,12.0,1.17,48.0,36.0,81.3,6.0,3.0,1.0,2.0,20.0,3.0,3.0,0.0,0.0,0.0
2022-2023,LaLiga,Atlético Madrid,Antonio Gomis,ESP,GK,19.0,1.0,0.0,6.0,0.1,1.0,15.0,1.0,0.0,0.0,0.0,0.0,0.0,0.0,,0.0,0.0,0.0,0.0,
2022-2023,LaLiga,Real Sociedad,Álex Remiro,ESP,GK,27.0,38.0,38.0,3420.0,38.0,35.0,0.92,133.0,99.0,74.4,21.0,8.0,9.0,15.0,39.5,2.0,1.0,1.0,0.0,50.0
2022-2023,LaLiga,Villarreal,Pepe Reina,ESP,GK,39.0,22.0,22.0,1980.0,22.0,27.0,1.23,87.0,61.0,73.6,13.0,3.0,6.0,5.0,22.7,4.0,4.0,0.0,0.0,0.0
2022-2023,LaLiga,Villarreal,Gerónimo Rulli,ARG,GK,30.0,14.0,14.0,1260.0,14.0,10.0,0.71,56.0,46.0,82.1,6.0,3.0,5.0,7.0,50.0,0.0,0.0,0.0,0.0,
2022-2023,LaLiga,Villarreal,Filip Jørgensen,DEN,GK,20.0,2.0,2.0,180.0,2.0,3.0,1.5,6.0,3.0,50.0,0.0,1.0,1.0,0.0,0.0,0.0,0.0,0.0,0.0,
2022-2023,LaLiga,Betis,Rui Silva,POR,GK,28.0,26.0,26.0,2340.0,26.0,32.0,1.23,104.0,73.0,71.2,12.0,4.0,10.0,9.0,34.6,2.0,2.0,0.0,0.0,0.0
2022-2023,LaLiga,Betis,Claudio Bravo,CHI,GK,39.0,12.0,12.0,1080.0,12.0,9.0,0.75,42.0,33.0,81.0,5.0,5.0,2.0,4.0,33.3,1.0,1.0,0.0,0.0,0.0
2022-2023,LaLiga,Osasuna,Aitor Fernández,ESP,GK,31.0,21.0,21.0,1890.0,21.0,19.0,0.9,77.0,59.0,75.3,10.0,5.0,6.0,8.0,38.1,0.0,0.0,0.0,0.0,
2022-2023,LaLiga,Osasuna,Sergio Herrera,ESP,GK,29.0,17.0,17.0,1530.0,17.0,23.0,1.35,71.0,48.0,69.0,5.0,3.0,9.0,3.0,17.6,4.0,1.0,1.0,2.0,50.0
2022-2023,LaLiga,Athletic Club,Unai Simón,ESP,GK,25.0,31.0,31.0,2745.0,30.5,37.0,1.21,104.0,70.0,67.3,13.0,6.0,12.0,9.0,29.0,3.0,3.0,0.0,0.0,0.0
2022-2023,LaLiga,Athletic Club,Julen Agirrezabala,ESP,GK,21.0,8.0,7.0,675.0,7.5,6.0,0.8,19.0,13.0,68.4,1.0,3.0,3.0,2.0,28.6,0.0,0.0,0.0,0.0,
2022-2023,LaLiga,Mallorca,Predrag Rajković,SRB,GK,26.0,36.0,36.0,3240.0,36.0,40.0,1.11,133.0,92.0,74.4,13.0,8.0,15.0,12.0,33.3,7.0,6.0,1.0,0.0,14.3
2022-2023,LaLiga,Mallorca,Dominik Greif,SVK,GK,25.0,1.0,1.0,90.0,1.0,3.0,3.0,8.0,5.0,62.5,0.0,0.0,1.0,0.0,0.0,0.0,0.0,0.0,0.0,
2022-2023,LaLiga,Mallorca,Leonardo Román,ESP,GK,22.0,1.0,1.0,90.0,1.0,0.0,0.0,4.0,4.0,100.0,1.0,0.0,0.0,1.0,100.0,0.0,0.0,0.0,0.0,
2022-2023,LaLiga,Girona,Paulo Gazzaniga,ARG,GK,30.0,28.0,28.0,2520.0,28.0,37.0,1.32,125.0,87.0,73.6,11.0,8.0,9.0,4.0,14.3,6.0,4.0,1.0,1.0,20.0
2022-2023,LaLiga,Girona,Juan Carlos,ESP,GK,34.0,10.0,10.0,900.0,10.0,18.0,1.8,43.0,25.0,62.8,2.0,2.0,6.0,0.0,0.0,2.0,2.0,0.0,0.0,0.0
2022-2023,LaLiga,Rayo Vallecano,Stole Dimitrievski,MKD,GK,28.0,37.0,37.0,3324.0,36.9,49.0,1.33,139.0,94.0,67.6,13.0,10.0,14.0,9.0,24.3,5.0,4.0,0.0,1.0,0.0
2022-2023,LaLiga,Rayo Vallecano,Diego López,ESP,GK,40.0,2.0,1.0,96.0,1.1,4.0,3.75,5.0,1.0,20.0,0.0,0.0,1.0,0.0,0.0,0.0,0.0,0.0,0.0,
2022-2023,LaLiga,Sevilla,Yassine Bounou,MAR,GK,31.0,25.0,25.0,2151.0,23.9,41.0,1.72,106.0,66.0,63.2,7.0,6.0,12.0,4.0,16.0,3.0,2.0,1.0,0.0,33.3
2022-2023,LaLiga,Sevilla,Marko Dmitrović,SRB,GK,30.0,15.0,13.0,1269.0,14.1,13.0,0.92,55.0,43.0,76.4,6.0,4.0,3.0,5.0,38.5,0.0,0.0,0.0,0.0,
2022-2023,LaLiga,Celta Vigo,Agustín Marchesín,ARG,GK,34.0,19.0,19.0,1710.0,19.0,29.0,1.53,72.0,42.0,62.5,5.0,5.0,9.0,6.0,31.6,4.0,2.0,2.0,0.0,50.0
2022-2023,LaLiga,Celta Vigo,Iván Villar,ESP,GK,25.0,19.0,19.0,1710.0,19.0,24.0,1.26,62.0,38.0,66.1,6.0,5.0,8.0,4.0,21.1,4.0,3.0,0.0,1.0,0.0
2022-2023,LaLiga,Cádiz,Jeremías Ledesma,ARG,GK,29.0,34.0,34.0,3060.0,34.0,48.0,1.41,179.0,130.0,77.7,9.0,11.0,14.0,12.0,35.3,9.0,8.0,1.0,0.0,11.1
2022-2023,LaLiga,Cádiz,David Gil,ESP,GK,28.0,4.0,4.0,360.0,4.0,5.0,1.25,23.0,18.0,82.6,1.0,1.0,2.0,1.0,25.0,1.0,1.0,0.0,0.0,0.0
2022-2023,LaLiga,Getafe,David Soria,ESP,GK,29.0,38.0,38.0,3420.0,38.0,45.0,1.18,166.0,119.0,75.3,10.0,12.0,16.0,13.0,34.2,8.0,4.0,4.0,0.0,50.0
2022-2023,LaLiga,Valencia,Giorgi Mamardashvili,GEO,GK,21.0,38.0,38.0,3420.0,38.0,45.0,1.18,148.0,105.0,70.9,11.0,9.0,18.0,7.0,18.4,5.0,2.0,0.0,3.0,0.0
2022-2023,LaLiga,Almería,Fernando,ESP,GK,32.0,37.0,37.0,3285.0,36.5,61.0,1.67,193.0,132.0,70.5,11.0,8.0,18.0,4.0,10.8,6.0,4.0,1.0,1.0,20.0
2022-2023,LaLiga,Almería,Fernando Pacheco,ESP,GK,30.0,1.0,1.0,90.0,1.0,2.0,2.0,5.0,3.0,60.0,0.0,0.0,1.0,0.0,0.0,0.0,0.0,0.0,0.0,
2022-2023,LaLiga,Almería,Diego Mariño,ESP,GK,32.0,1.0,0.0,45.0,0.5,2.0,4.0,5.0,3.0,60.0,0.0,0.0,0.0,0.0,,0.0,0.0,0.0,0.0,
2022-2023,LaLiga,Valladolid,Jordi Masip,ESP,GK,33.0,28.0,28.0,2507.0,27.9,42.0,1.51,145.0,101.0,74.5,9.0,5.0,14.0,8.0,28.6,9.0,5.0,3.0,1.0,37.5
2022-2023,LaLiga,Valladolid,Sergio Asenjo,ESP,GK,33.0,10.0,10.0,900.0,10.0,21.0,2.1,51.0,30.0,60.8,2.0,2.0,6.0,1.0,10.0,1.0,1.0,0.0,0.0,0.0
2022-2023,LaLiga,Valladolid,Álvaro Aceves,ESP,GK,19.0,1.0,0.0,13.0,0.1,0.0,0.0,3.0,3.0,100.0,0.0,0.0,0.0,0.0,,0.0,0.0,0.0,0.0,
2022-2023,LaLiga,Espanyol,Fernando Pacheco,ESP,GK,30.0,16.0,16.0,1440.0,16.0,33.0,2.06,88.0,54.0,67.0,4.0,3.0,9.0,3.0,18.8,5.0,4.0,1.0,0.0,20.0
2022-2023,LaLiga,Espanyol,Álvaro Fernández,ESP,GK,24.0,11.0,11.0,990.0,11.0,18.0,1.64,50.0,33.0,64.0,3.0,4.0,4.0,2.0,18.2,0.0,0.0,0.0,0.0,
2022-2023,LaLiga,Espanyol,Benjamin Lecomte,FRA,GK,31.0,10.0,10.0,899.0,10.0,14.0,1.4,40.0,27.0,65.0,1.0,5.0,4.0,1.0,10.0,0.0,0.0,0.0,0.0,
2022-2023,LaLiga,Espanyol,Joan García,ESP,GK,21.0,1.0,1.0,90.0,1.0,3.0,3.0,4.0,1.0,50.0,0.0,1.0,0.0,0.0,0.0,1.0,1.0,0.0,0.0,0.0
2022-2023,LaLiga,Elche,Édgar Badía,ESP,GK,30.0,36.0,36.0,3240.0,36.0,63.0,1.75,200.0,136.0,72.0,5.0,10.0,21.0,4.0,11.1,10.0,7.0,3.0,0.0,30.0
2022-2023,LaLiga,Elche,Axel Werner,ARG,GK,26.0,2.0,2.0,180.0,2.0,4.0,2.0,8.0,4.0,50.0,0.0,0.0,2.0,0.0,0.0,0.0,0.0,0.0,0.0,
2022-2023,Ligue1,Paris S-G,Gianluigi Donnarumma,ITA,GK,23.0,38.0,38.0,3409.0,37.9,40.0,1.06,160.0,120.0,76.3,27.0,4.0,7.0,13.0,34.2,5.0,2.0,1.0,2.0,33.3
2022-2023,Ligue1,Paris S-G,Alexandre Letellier,FRA,GK,31.0,1.0,0.0,11.0,0.1,0.0,0.0,0.0,0.0,,0.0,0.0,0.0,0.0,,0.0,0.0,0.0,0.0,
2022-2023,Ligue1,Lens,Brice Samba,FRA,GK,28.0,37.0,37.0,3330.0,37.0,28.0,0.76,125.0,98.0,80.0,24.0,9.0,4.0,15.0,40.5,3.0,3.0,0.0,0.0,0.0
2022-2023,Ligue1,Lens,Jean-Louis Leca,FRA,GK,36.0,1.0,1.0,90.0,1.0,1.0,1.0,4.0,3.0,75.0,1.0,0.0,0.0,0.0,0.0,0.0,0.0,0.0,0.0,
2022-2023,Ligue1,Marseille,Pau López,ESP,GK,27.0,33.0,32.0,2925.0,32.5,34.0,1.05,123.0,90.0,76.4,21.0,4.0,7.0,10.0,31.3,5.0,5.0,0.0,0.0,0.0
2022-2023,Ligue1,Marseille,Rubén Blanco,ESP,GK,27.0,6.0,6.0,495.0,5.5,6.0,1.09,19.0,15.0,68.4,1.0,3.0,2.0,0.0,0.0,0.0,0.0,0.0,0.0,
2022-2023,Ligue1,Rennes,Steve Mandanda,FRA,GK,37.0,34.0,34.0,3014.0,33.5,31.0,0.93,110.0,79.0,73.6,19.0,5.0,10.0,12.0,35.3,3.0,2.0,1.0,0.0,33.3
2022-2023,Ligue1,Rennes,Doğan Alemdar,TUR,GK,19.0,6.0,4.0,406.0,4.5,8.0,1.77,16.0,7.0,56.3,2.0,0.0,2.0,1.0,25.0,2.0,1.0,1.0,0.0,50.0
2022-2023,Ligue1,Lille,Lucas Chevalier,FRA,GK,20.0,32.0,32.0,2880.0,32.0,31.0,0.97,105.0,76.0,72.4,16.0,9.0,7.0,10.0,31.3,3.0,2.0,1.0,0.0,33.3
2022-2023,Ligue1,Lille,Léo Jardim,BRA,GK,27.0,6.0,6.0,540.0,6.0,13.0,2.17,17.0,4.0,35.3,3.0,1.0,2.0,0.0,0.0,2.0,2.0,0.0,0.0,0.0
2022-2023,Ligue1,Monaco,Alexander Nübel,GER,GK,25.0,38.0,38.0,3420.0,38.0,58.0,1.53,195.0,140.0,72.8,19.0,8.0,11.0,9.0,23.7,5.0,5.0,0.0,0.0,0.0
2022-2023,Ligue1,Lyon,Anthony Lopes,POR,GK,31.0,32.0,32.0,2816.0,31.3,39.0,1.25,131.0,94.0,75.6,16.0,4.0,12.0,7.0,21.9,7.0,7.0,0.0,0.0,0.0
2022-2023,Ligue1,Lyon,Rémy Riou,FRA,GK,34.0,7.0,6.0,601.0,6.7,8.0,1.2,24.0,17.0,83.3,2.0,4.0,0.0,1.0,16.7,4.0,4.0,0.0,0.0,0.0
2022-2023,Ligue1,Clermont Foot,Mory Diaw,SEN,GK,29.0,37.0,37.0,3330.0,37.0,47.0,1.27,161.0,110.0,75.8,17.0,8.0,12.0,10.0,27.0,12.0,8.0,4.0,0.0,33.3
2022-2023,Ligue1,Clermont Foot,Ouparine Djoco,GNB,GK,24.0,1.0,1.0,90.0,1.0,2.0,2.0,3.0,1.0,33.3,0.0,0.0,1.0,0.0,0.0,0.0,0.0,0.0,0.0,
2022-2023,Ligue1,Nice,Kasper Schmeichel,DEN,GK,35.0,36.0,36.0,3240.0,36.0,35.0,0.97,141.0,105.0,77.3,15.0,12.0,9.0,11.0,30.6,5.0,3.0,1.0,1.0,25.0
2022-2023,Ligue1,Nice,Marcin Bułka,POL,GK,22.0,2.0,2.0,180.0,2.0,2.0,1.0,6.0,4.0,66.7,0.0,1.0,1.0,0.0,0.0,0.0,0.0,0.0,0.0,
2022-2023,Ligue1,Lorient,Yvon Mvogo,SUI,GK,28.0,21.0,21.0,1812.0,20.1,29.0,1.44,98.0,70.0,71.4,11.0,4.0,6.0,3.0,14.3,1.0,1.0,0.0,0.0,0.0
2022-2023,Ligue1,Lorient,Vito Mannone,ITA,GK,34.0,18.0,17.0,1608.0,17.9,24.0,1.34,84.0,60.0,72.6,4.0,6.0,7.0,5.0,29.4,1.0,1.0,0.0,0.0,0.0
2022-2023,Ligue1,Reims,Yehvann Diouf,FRA,GK,22.0,31.0,31.0,2790.0,31.0,31.0,1.0,137.0,107.0,78.1,11.0,12.0,8.0,14.0,45.2,1.0,1.0,0.0,0.0,0.0
2022-2023,Ligue1,Reims,Patrick Pentz,AUT,GK,25.0,7.0,7.0,630.0,7.0,14.0,2.0,29.0,16.0,58.6,1.0,3.0,3.0,0.0,0.0,2.0,2.0,0.0,0.0,0.0
2022-2023,Ligue1,Montpellier,Benjamin Lecomte,FRA,GK,31.0,19.0,19.0,1710.0,19.0,22.0,1.16,96.0,72.0,79.2,10.0,3.0,6.0,8.0,42.1,4.0,2.0,2.0,0.0,50.0
2022-2023,Ligue1,Montpellier,Jonas Omlin,SUI,GK,28.0,14.0,14.0,1166.0,13.0,26.0,2.01,73.0,48.0,68.5,5.0,1.0,8.0,2.0,14.3,4.0,3.0,1.0,0.0,25.0
2022-2023,Ligue1,Montpellier,Bingourou Kamara,SEN,GK,25.0,5.0,4.0,408.0,4.5,11.0,2.43,25.0,13.0,60.0,0.0,1.0,3.0,0.0,0.0,3.0,1.0,1.0,1.0,50.0
2022-2023,Ligue1,Montpellier,Matis Carvalho,POR,GK,23.0,2.0,1.0,136.0,1.5,3.0,1.99,8.0,5.0,62.5,0.0,0.0,1.0,1.0,100.0,0.0,0.0,0.0,0.0,
2022-2023,Ligue1,Toulouse,Maxime Dupé,FRA,GK,29.0,38.0,38.0,3420.0,38.0,57.0,1.5,179.0,122.0,70.4,13.0,9.0,16.0,9.0,23.7,7.0,4.0,3.0,0.0,42.9
2022-2023,Ligue1,Brest,Marco Bizot,NED,GK,31.0,37.0,37.0,3330.0,37.0,54.0,1.46,176.0,122.0,73.3,11.0,10.0,16.0,8.0,21.6,9.0,7.0,2.0,0.0,22.2
2022-2023,Ligue1,Brest,Joaquín Blázquez,ARG,GK,21.0,1.0,1.0,90.0,1.0,0.0,0.0,3.0,3.0,100.0,0.0,1.0,0.0,1.0,100.0,0.0,0.0,0.0,0.0,
2022-2023,Ligue1,Strasbourg,Matz Sels,BEL,GK,30.0,38.0,38.0,3420.0,38.0,59.0,1.55,174.0,115.0,71.8,9.0,13.0,16.0,6.0,15.8,11.0,10.0,0.0,1.0,0.0
2022-2023,Ligue1,Nantes,Alban Lafont,FRA,GK,23.0,37.0,37.0,3329.0,37.0,54.0,1.46,179.0,129.0,74.9,7.0,14.0,16.0,11.0,29.7,9.0,9.0,0.0,0.0,0.0
2022-2023,Ligue1,Nantes,Rémy Descamps,FRA,GK,26.0,1.0,1.0,90.0,1.0,1.0,1.0,6.0,5.0,83.3,0.0,1.0,0.0,0.0,0.0,0.0,0.0,0.0,0.0,
2022-2023,Ligue1,Auxerre,Benoît Costil,FRA,GK,35.0,19.0,19.0,1710.0,19.0,41.0,2.16,96.0,55.0,60.4,3.0,4.0,12.0,2.0,10.5,3.0,3.0,0.0,0.0,0.0
2022-2023,Ligue1,Auxerre,Ionuț Radu,ROU,GK,25.0,17.0,17.0,1530.0,17.0,20.0,1.18,74.0,53.0,73.0,4.0,6.0,7.0,5.0,29.4,2.0,0.0,2.0,0.0,100.0
2022-2023,Ligue1,Auxerre,Donovan Léon,GUF,GK,29.0,2.0,2.0,180.0,2.0,2.0,1.0,11.0,9.0,90.9,1.0,1.0,0.0,0.0,0.0,1.0,1.0,0.0,0.0,0.0
2022-2023,Ligue1,Ajaccio,Benjamin Leroy,FRA,GK,33.0,32.0,32.0,2798.0,31.1,60.0,1.93,133.0,74.0,60.9,6.0,4.0,22.0,4.0,12.5,9.0,8.0,0.0,1.0,0.0
2022-2023,Ligue1,Ajaccio,François-Joseph Sollacaro,FRA,GK,28.0,6.0,6.0,540.0,6.0,14.0,2.33,24.0,11.0,45.8,1.0,1.0,4.0,1.0,16.7,1.0,1.0,0.0,0.0,0.0
2022-2023,Ligue1,Ajaccio,Ghjuvanni Quilichini,FRA,GK,19.0,1.0,0.0,82.0,0.9,0.0,0.0,4.0,4.0,100.0,0.0,0.0,0.0,1.0,,0.0,0.0,0.0,0.0,
2022-2023,Ligue1,Troyes,Gauthier Gallon,FRA,GK,29.0,30.0,30.0,2667.0,29.6,65.0,2.19,177.0,114.0,66.1,3.0,9.0,18.0,0.0,0.0,5.0,5.0,0.0,0.0,0.0
2022-2023,Ligue1,Troyes,Mateusz Lis,POL,GK,25.0,9.0,8.0,751.0,8.3,16.0,1.92,51.0,34.0,72.5,1.0,3.0,4.0,1.0,12.5,3.0,2.0,1.0,0.0,33.3
2022-2023,Ligue1,Angers,Paul Bernardoni,FRA,GK,25.0,27.0,27.0,2430.0,27.0,62.0,2.3,143.0,84.0,62.2,1.0,5.0,21.0,3.0,11.1,9.0,8.0,0.0,1.0,0.0
2022-2023,Ligue1,Angers,Yahia Fofana,CIV,GK,21.0,11.0,11.0,990.0,11.0,19.0,1.73,54.0,35.0,66.7,3.0,1.0,7.0,1.0,9.1,2.0,1.0,1.0,0.0,50.0
2022-2023,SeriaA,Napoli,Alex Meret,ITA,GK,25.0,34.0,34.0,3060.0,34.0,24.0,0.71,91.0,66.0,74.7,26.0,5.0,3.0,16.0,47.1,2.0,1.0,1.0,0.0,50.0
2022-2023,SeriaA,Napoli,Pierluigi Gollini,ITA,GK,27.0,4.0,4.0,360.0,4.0,4.0,1.0,16.0,12.0,75.0,2.0,1.0,1.0,2.0,50.0,0.0,0.0,0.0,0.0,
2022-2023,SeriaA,Lazio,Ivan Provedel,ITA,GK,28.0,38.0,37.0,3413.0,37.9,30.0,0.79,128.0,99.0,77.3,21.0,8.0,8.0,21.0,56.8,2.0,1.0,0.0,1.0,0.0
2022-2023,SeriaA,Lazio,Luís Maximiano,POR,GK,23.0,1.0,1.0,5.0,0.1,,,,,,1.0,,,,,,,,,
2022-2023,SeriaA,Inter,André Onana,CMR,GK,26.0,24.0,24.0,2160.0,24.0,24.0,1.0,83.0,61.0,73.5,14.0,3.0,7.0,8.0,33.3,2.0,2.0,0.0,0.0,0.0
2022-2023,SeriaA,Inter,Samir Handanović,SVN,GK,38.0,14.0,14.0,1234.0,13.7,18.0,1.31,52.0,35.0,67.3,9.0,0.0,5.0,4.0,28.6,1.0,1.0,0.0,0.0,0.0
2022-2023,SeriaA,Inter,Alex Cordaz,ITA,GK,39.0,1.0,0.0,26.0,0.3,0.0,0.0,2.0,2.0,100.0,0.0,0.0,0.0,1.0,,0.0,0.0,0.0,0.0,
2022-2023,SeriaA,Milan,Mike Maignan,FRA,GK,27.0,22.0,22.0,1978.0,22.0,21.0,0.96,62.0,40.0,69.4,11.0,7.0,4.0,8.0,36.4,3.0,2.0,1.0,0.0,33.3
2022-2023,SeriaA,Milan,Ciprian Tătărușanu,ROU,GK,36.0,16.0,16.0,1440.0,16.0,22.0,1.37,61.0,40.0,67.2,9.0,3.0,4.0,4.0,25.0,2.0,2.0,0.0,0.0,0.0
2022-2023,SeriaA,Milan,Antonio Mirante,ITA,GK,39.0,1.0,0.0,2.0,0.0,0.0,0.0,0.0,0.0,,0.0,0.0,0.0,0.0,,0.0,0.0,0.0,0.0,
2022-2023,SeriaA,Atalanta,Juan Musso,ARG,GK,28.0,24.0,24.0,2077.0,23.1,27.0,1.17,89.0,64.0,71.9,13.0,4.0,7.0,7.0,29.2,2.0,2.0,0.0,0.0,0.0
2022-2023,SeriaA,Atalanta,Marco Sportiello,ITA,GK,30.0,15.0,14.0,1339.0,14.9,21.0,1.41,64.0,43.0,68.8,6.0,3.0,5.0,2.0,14.3,1.0,1.0,0.0,0.0,0.0
2022-2023,SeriaA,Atalanta,Francesco Rossi,ITA,GK,31.0,1.0,0.0,4.0,0.0,0.0,0.0,0.0,0.0,,0.0,0.0,0.0,0.0,,0.0,0.0,0.0,0.0,
2022-2023,SeriaA,Roma,Rui Patrício,POR,GK,34.0,35.0,35.0,3150.0,35.0,35.0,1.0,108.0,73.0,69.4,17.0,8.0,10.0,13.0,37.1,3.0,2.0,1.0,0.0,33.3
2022-2023,SeriaA,Roma,Mile Svilar,SRB,GK,22.0,3.0,3.0,270.0,3.0,3.0,1.0,10.0,7.0,70.0,1.0,1.0,1.0,1.0,33.3,0.0,0.0,0.0,0.0,
2022-2023,SeriaA,Juventus,Wojciech Szczęsny,POL,GK,32.0,28.0,28.0,2472.0,27.5,26.0,0.95,93.0,67.0,75.3,17.0,3.0,8.0,14.0,50.0,3.0,3.0,0.0,0.0,0.0
2022-2023,SeriaA,Juventus,Mattia Perin,ITA,GK,29.0,11.0,10.0,948.0,10.5,7.0,0.66,40.0,32.0,85.0,5.0,3.0,2.0,6.0,60.0,2.0,1.0,1.0,0.0,50.0
2022-2023,SeriaA,Fiorentina,Pietro Terracciano,ITA,GK,32.0,29.0,29.0,2610.0,29.0,38.0,1.31,96.0,59.0,66.7,9.0,8.0,12.0,5.0,17.2,7.0,6.0,1.0,0.0,14.3
2022-2023,SeriaA,Fiorentina,Michele Cerofolini,ITA,GK,23.0,5.0,5.0,450.0,5.0,3.0,0.6,11.0,8.0,81.8,4.0,1.0,0.0,2.0,40.0,1.0,1.0,0.0,0.0,0.0
2022-2023,SeriaA,Fiorentina,Pierluigi Gollini,ITA,GK,27.0,3.0,3.0,270.0,3.0,2.0,0.67,8.0,6.0,75.0,1.0,2.0,0.0,2.0,66.7,0.0,0.0,0.0,0.0,
2022-2023,SeriaA,Fiorentina,Salvatore Sirigu,ITA,GK,35.0,1.0,1.0,90.0,1.0,0.0,0.0,5.0,5.0,100.0,1.0,0.0,0.0,1.0,100.0,0.0,0.0,0.0,0.0,
2022-2023,SeriaA,Bologna,Łukasz Skorupski,POL,GK,31.0,37.0,37.0,3330.0,37.0,49.0,1.32,161.0,113.0,73.9,13.0,12.0,12.0,7.0,18.9,9.0,7.0,2.0,0.0,22.2
2022-2023,SeriaA,Bologna,Francesco Bardi,ITA,GK,30.0,1.0,1.0,90.0,1.0,0.0,0.0,4.0,4.0,100.0,1.0,0.0,0.0,1.0,100.0,0.0,0.0,0.0,0.0,
2022-2023,SeriaA,Torino,Vanja Milinković-Savić,SRB,GK,25.0,38.0,38.0,3420.0,38.0,41.0,1.08,136.0,95.0,73.5,14.0,11.0,13.0,11.0,28.9,6.0,5.0,0.0,1.0,0.0
2022-2023,SeriaA,Monza,Michele Di Gregorio,ITA,GK,25.0,37.0,37.0,3330.0,37.0,49.0,1.32,167.0,119.0,72.5,14.0,10.0,13.0,10.0,27.0,3.0,3.0,0.0,0.0,0.0
2022-2023,SeriaA,Monza,Alessio Cragno,ITA,GK,28.0,1.0,1.0,90.0,1.0,3.0,3.0,5.0,2.0,40.0,0.0,0.0,1.0,0.0,0.0,0.0,0.0,0.0,0.0,
2022-2023,SeriaA,Udinese,Marco Silvestri,ITA,GK,31.0,38.0,38.0,3420.0,38.0,48.0,1.26,137.0,91.0,69.3,11.0,13.0,14.0,10.0,26.3,7.0,6.0,0.0,1.0,0.0
2022-2023,SeriaA,Sassuolo,Andrea Consigli,ITA,GK,35.0,35.0,35.0,3150.0,35.0,55.0,1.57,117.0,64.0,55.6,12.0,8.0,15.0,9.0,25.7,3.0,3.0,0.0,0.0,0.0
2022-2023,SeriaA,Sassuolo,Gianluca Pegolo,ITA,GK,41.0,2.0,2.0,180.0,2.0,3.0,1.5,6.0,3.0,66.7,0.0,1.0,1.0,0.0,0.0,1.0,1.0,0.0,0.0,0.0
2022-2023,SeriaA,Sassuolo,Alessandro Russo,ITA,GK,21.0,1.0,1.0,90.0,1.0,3.0,3.0,7.0,4.0,57.1,0.0,0.0,1.0,0.0,0.0,0.0,0.0,0.0,0.0,
2022-2023,SeriaA,Empoli,Guglielmo Vicario,ITA,GK,25.0,31.0,31.0,2783.0,30.9,39.0,1.26,134.0,95.0,73.9,9.0,12.0,10.0,7.0,22.6,6.0,4.0,1.0,1.0,20.0
2022-2023,SeriaA,Empoli,Samuele Perisan,ITA,GK,24.0,7.0,7.0,630.0,7.0,9.0,1.29,24.0,15.0,62.5,1.0,1.0,5.0,2.0,28.6,0.0,0.0,0.0,0.0,
2022-2023,SeriaA,Empoli,Samir Ujkani,KVX,GK,34.0,1.0,0.0,7.0,0.1,1.0,12.86,1.0,0.0,0.0,0.0,0.0,0.0,0.0,,0.0,0.0,0.0,0.0,
2022-2023,SeriaA,Salernitana,Guillermo Ochoa,MEX,GK,37.0,20.0,20.0,1800.0,20.0,33.0,1.65,105.0,71.0,71.4,4.0,10.0,6.0,4.0,20.0,4.0,3.0,1.0,0.0,25.0
2022-2023,SeriaA,Salernitana,Luigi Sepe,ITA,GK,31.0,17.0,17.0,1530.0,17.0,27.0,1.59,87.0,57.0,73.6,4.0,5.0,8.0,3.0,17.6,7.0,4.0,3.0,0.0,42.9
2022-2023,SeriaA,Salernitana,Vincenzo Fiorillo,ITA,GK,32.0,1.0,1.0,90.0,1.0,2.0,2.0,4.0,2.0,50.0,1.0,0.0,0.0,0.0,0.0,0.0,0.0,0.0,0.0,
2022-2023,SeriaA,Lecce,Wladimiro Falcone,ITA,GK,27.0,38.0,38.0,3420.0,38.0,46.0,1.21,156.0,112.0,73.7,8.0,12.0,18.0,6.0,15.8,6.0,5.0,1.0,0.0,16.7
2022-2023,SeriaA,Spezia,Bartłomiej Drągowski,POL,GK,24.0,34.0,34.0,2946.0,32.7,54.0,1.65,164.0,112.0,69.5,6.0,10.0,18.0,6.0,17.6,6.0,4.0,1.0,1.0,20.0
2022-2023,SeriaA,Spezia,Jeroen Zoet,NED,GK,31.0,5.0,4.0,334.0,3.7,4.0,1.08,13.0,9.0,76.9,0.0,3.0,1.0,0.0,0.0,1.0,1.0,0.0,0.0,0.0
2022-2023,SeriaA,Spezia,Petar Zovko,BIH,GK,20.0,1.0,0.0,74.0,0.8,2.0,2.43,3.0,1.0,33.3,0.0,0.0,0.0,0.0,,0.0,0.0,0.0,0.0,
2022-2023,SeriaA,Spezia,Federico Marchetti,ITA,GK,39.0,1.0,0.0,66.0,0.7,2.0,2.73,3.0,1.0,33.3,0.0,0.0,0.0,0.0,,0.0,0.0,0.0,0.0,
2022-2023,SeriaA,Hellas Verona,Lorenzo Montipò,ITA,GK,26.0,37.0,37.0,3330.0,37.0,59.0,1.59,181.0,124.0,68.0,7.0,9.0,21.0,5.0,13.5,2.0,1.0,1.0,0.0,50.0
2022-2023,SeriaA,Hellas Verona,Simone Perilli,ITA,GK,27.0,1.0,1.0,90.0,1.0,0.0,0.0,4.0,4.0,100.0,0.0,1.0,0.0,1.0,100.0,0.0,0.0,0.0,0.0,
2022-2023,SeriaA,Cremonese,Marco Carnesecchi,ITA,GK,22.0,27.0,27.0,2430.0,27.0,47.0,1.74,153.0,107.0,70.6,4.0,9.0,14.0,4.0,14.8,2.0,2.0,0.0,0.0,0.0
2022-2023,SeriaA,Cremonese,Ionuț Radu,ROU,GK,25.0,9.0,9.0,810.0,9.0,19.0,2.11,64.0,45.0,75.0,0.0,3.0,6.0,1.0,11.1,3.0,3.0,0.0,0.0,0.0
2022-2023,SeriaA,Cremonese,Mouhamadou Sarr,SEN,GK,25.0,2.0,2.0,180.0,2.0,3.0,1.5,8.0,5.0,62.5,1.0,0.0,1.0,1.0,50.0,0.0,0.0,0.0,0.0,
2022-2023,SeriaA,Sampdoria,Emil Audero,ITA,GK,25.0,25.0,25.0,2250.0,25.0,39.0,1.56,121.0,82.0,71.9,2.0,6.0,17.0,4.0,16.0,7.0,5.0,2.0,0.0,28.6
2022-2023,SeriaA,Sampdoria,Nicola Ravaglia,ITA,GK,33.0,9.0,9.0,810.0,9.0,23.0,2.56,64.0,41.0,67.2,0.0,3.0,6.0,0.0,0.0,2.0,2.0,0.0,0.0,0.0
2022-2023,SeriaA,Sampdoria,Martin Turk,SVN,GK,18.0,4.0,4.0,360.0,4.0,9.0,2.25,30.0,21.0,73.3,1.0,1.0,2.0,0.0,0.0,2.0,1.0,0.0,1.0,0.0
2022-2023,EreDivisie,Feyenoord,Justin Bijlow,NED,GK,24.0,25.0,25.0,2250.0,25.0,19.0,0.76,77.0,59.0,75.3,17.0,6.0,2.0,12.0,48.0,0.0,0.0,0.0,0.0,
2022-2023,EreDivisie,Feyenoord,Timon Wellenreuther,GER,GK,26.0,9.0,9.0,810.0,9.0,11.0,1.22,26.0,15.0,57.7,8.0,1.0,0.0,1.0,11.1,1.0,0.0,1.0,0.0,100.0
2022-2023,EreDivisie,PSV Eindhoven,Walter Benítez,ARG,GK,29.0,30.0,30.0,2700.0,30.0,35.0,1.17,106.0,71.0,68.9,20.0,5.0,5.0,10.0,33.3,2.0,2.0,0.0,0.0,0.0
2022-2023,EreDivisie,PSV Eindhoven,Joel Drommel,NED,GK,25.0,4.0,4.0,360.0,4.0,5.0,1.25,15.0,12.0,66.7,3.0,1.0,0.0,1.0,25.0,0.0,0.0,0.0,0.0,
2022-2023,EreDivisie,Ajax,Gerónimo Rulli,ARG,GK,30.0,19.0,19.0,1710.0,19.0,20.0,1.05,64.0,44.0,70.3,11.0,5.0,3.0,7.0,36.8,1.0,1.0,0.0,0.0,0.0
2022-2023,EreDivisie,Ajax,Remko Pasveer,NED,GK,38.0,15.0,15.0,1350.0,15.0,18.0,1.2,50.0,32.0,64.0,9.0,4.0,2.0,4.0,26.7,0.0,0.0,0.0,0.0,
2022-2023,EreDivisie,AZ Alkmaar,Mathew Ryan,AUS,GK,30.0,18.0,18.0,1620.0,18.0,18.0,1.0,45.0,27.0,66.7,10.0,4.0,4.0,7.0,38.9,3.0,3.0,0.0,0.0,0.0
2022-2023,EreDivisie,AZ Alkmaar,Hobie Verhulst,NED,GK,29.0,16.0,16.0,1440.0,16.0,17.0,1.06,51.0,33.0,68.6,10.0,3.0,3.0,5.0,31.3,2.0,1.0,1.0,0.0,50.0
2022-2023,EreDivisie,Twente,Lars Unnerstall,GER,GK,32.0,33.0,33.0,2970.0,33.0,27.0,0.82,123.0,96.0,78.9,17.0,10.0,6.0,16.0,48.5,2.0,1.0,1.0,0.0,50.0
2022-2023,EreDivisie,Twente,Przemysław Tytoń,POL,GK,35.0,1.0,1.0,90.0,1.0,0.0,0.0,1.0,1.0,100.0,1.0,0.0,0.0,1.0,100.0,0.0,0.0,0.0,0.0,
2022-2023,EreDivisie,Sparta R'dam,Nick Olij,NED,GK,26.0,32.0,32.0,2880.0,32.0,34.0,1.06,151.0,117.0,78.8,16.0,7.0,9.0,14.0,43.8,3.0,2.0,1.0,0.0,33.3
2022-2023,EreDivisie,Sparta R'dam,Youri Schoonderwaldt,NED,GK,22.0,2.0,2.0,180.0,2.0,3.0,1.5,7.0,4.0,57.1,1.0,1.0,0.0,0.0,0.0,0.0,0.0,0.0,0.0,
2022-2023,EreDivisie,Utrecht,Vasilios Barkas,GRE,GK,28.0,32.0,32.0,2880.0,32.0,50.0,1.56,154.0,104.0,68.2,14.0,8.0,10.0,10.0,31.3,1.0,1.0,0.0,0.0,0.0
2022-2023,EreDivisie,Utrecht,Fabian de Keijzer,NED,GK,22.0,2.0,2.0,180.0,2.0,0.0,0.0,6.0,6.0,100.0,1.0,1.0,0.0,2.0,100.0,0.0,0.0,0.0,0.0,
2022-2023,EreDivisie,Heerenveen,Andries Noppert,NED,GK,28.0,18.0,18.0,1619.0,18.0,16.0,0.89,67.0,51.0,77.6,8.0,6.0,4.0,7.0,38.9,1.0,1.0,0.0,0.0,0.0
2022-2023,EreDivisie,Heerenveen,Xavier Mous,NED,GK,26.0,16.0,16.0,1440.0,16.0,34.0,2.12,77.0,43.0,59.7,4.0,4.0,8.0,2.0,12.5,4.0,3.0,1.0,0.0,25.0
2022-2023,EreDivisie,Heerenveen,Jan Bekkema,NED,GK,26.0,1.0,0.0,1.0,0.0,0.0,0.0,0.0,0.0,,0.0,0.0,0.0,1.0,,0.0,0.0,0.0,0.0,
2022-2023,EreDivisie,RKC Waalwijk,Etienne Vaessen,NED,GK,27.0,32.0,32.0,2880.0,32.0,55.0,1.72,188.0,132.0,72.9,11.0,8.0,13.0,6.0,18.8,7.0,4.0,2.0,1.0,33.3
2022-2023,EreDivisie,RKC Waalwijk,Joel Castro Pereira,POR,GK,26.0,2.0,2.0,180.0,2.0,9.0,4.5,20.0,11.0,60.0,0.0,0.0,2.0,0.0,0.0,1.0,1.0,0.0,0.0,0.0
2022-2023,EreDivisie,Vitesse,Kjell Scherpen,NED,GK,22.0,26.0,26.0,2290.0,25.4,31.0,1.22,97.0,66.0,68.0,8.0,7.0,11.0,6.0,23.1,1.0,0.0,1.0,0.0,100.0
2022-2023,EreDivisie,Vitesse,Daan Reiziger,NED,GK,21.0,8.0,6.0,576.0,6.4,11.0,1.72,24.0,13.0,58.3,2.0,3.0,1.0,2.0,33.3,1.0,1.0,0.0,0.0,0.0
2022-2023,EreDivisie,Vitesse,Jeroen Houwen,NED,GK,26.0,3.0,2.0,194.0,2.2,8.0,3.71,14.0,6.0,42.9,0.0,0.0,2.0,1.0,50.0,0.0,0.0,0.0,0.0,
2022-2023,EreDivisie,Go Ahead Eag,Jeffrey De Lange,NED,GK,24.0,34.0,34.0,3060.0,34.0,56.0,1.65,172.0,117.0,68.6,10.0,10.0,14.0,8.0,23.5,2.0,2.0,0.0,0.0,0.0
2022-2023,EreDivisie,NEC Nijmegen,Jasper Cillessen,NED,GK,33.0,32.0,32.0,2880.0,32.0,43.0,1.34,178.0,136.0,77.5,8.0,14.0,10.0,9.0,28.1,3.0,3.0,0.0,0.0,0.0
2022-2023,EreDivisie,NEC Nijmegen,Mattijs Branderhorst,NED,GK,28.0,2.0,2.0,180.0,2.0,2.0,1.0,5.0,3.0,80.0,0.0,1.0,1.0,0.0,0.0,1.0,1.0,0.0,0.0,0.0
2022-2023,EreDivisie,Fortuna Sittard,Ivor Pandur,CRO,GK,22.0,31.0,31.0,2790.0,31.0,52.0,1.68,165.0,115.0,70.3,10.0,6.0,15.0,7.0,22.6,3.0,3.0,0.0,0.0,0.0
2022-2023,EreDivisie,Fortuna Sittard,Yanick van Osch,NED,GK,25.0,3.0,3.0,270.0,3.0,10.0,3.33,19.0,9.0,47.4,0.0,0.0,3.0,0.0,0.0,0.0,0.0,0.0,0.0,
2022-2023,EreDivisie,Volendam,Filip Stankovic,SRB,GK,20.0,33.0,33.0,2970.0,33.0,71.0,2.15,203.0,134.0,66.0,9.0,6.0,18.0,4.0,12.1,4.0,2.0,2.0,0.0,50.0
2022-2023,EreDivisie,Volendam,Barry Lauwers,NED,GK,22.0,1.0,1.0,90.0,1.0,0.0,0.0,1.0,1.0,100.0,1.0,0.0,0.0,1.0,100.0,0.0,0.0,0.0,0.0,
2022-2023,EreDivisie,Excelsior,Stijn van Gassel,NED,GK,25.0,34.0,34.0,3032.0,33.7,71.0,2.11,239.0,170.0,70.7,9.0,5.0,20.0,8.0,23.5,1.0,1.0,0.0,0.0,0.0
2022-2023,EreDivisie,Excelsior,Norbert Alblas,NED,GK,27.0,1.0,0.0,28.0,0.3,0.0,0.0,2.0,2.0,100.0,0.0,0.0,0.0,0.0,,0.0,0.0,0.0,0.0,
2022-2023,EreDivisie,Emmen,Mickey van der Hart,NED,GK,28.0,25.0,25.0,2250.0,25.0,44.0,1.76,122.0,78.0,65.6,5.0,8.0,12.0,6.0,24.0,2.0,2.0,0.0,0.0,0.0
2022-2023,EreDivisie,Emmen,Eric Oelschlägel,GER,GK,26.0,9.0,9.0,810.0,9.0,21.0,2.33,42.0,22.0,50.0,1.0,2.0,6.0,1.0,11.1,0.0,0.0,0.0,0.0,
2022-2023,EreDivisie,Cambuur,João Virgínia,POR,GK,22.0,17.0,17.0,1530.0,17.0,28.0,1.65,103.0,76.0,75.7,2.0,3.0,12.0,4.0,23.5,3.0,3.0,0.0,0.0,0.0
2022-2023,EreDivisie,Cambuur,Robbin Ruiter,NED,GK,35.0,16.0,16.0,1440.0,16.0,37.0,2.31,99.0,64.0,65.7,3.0,1.0,12.0,3.0,18.8,4.0,3.0,0.0,1.0,0.0
2022-2023,EreDivisie,Cambuur,Brett Minnema,NED,GK,20.0,1.0,1.0,90.0,1.0,4.0,4.0,5.0,1.0,20.0,0.0,0.0,1.0,0.0,0.0,0.0,0.0,0.0,0.0,
2022-2023,EreDivisie,Groningen,Michael Verrips,NED,GK,25.0,24.0,24.0,2160.0,24.0,49.0,2.04,119.0,70.0,62.2,3.0,4.0,17.0,3.0,12.5,4.0,4.0,0.0,0.0,0.0
2022-2023,EreDivisie,Groningen,Peter Leeuwenburgh,NED,GK,28.0,8.0,8.0,673.0,7.5,14.0,1.87,42.0,28.0,71.4,0.0,2.0,6.0,1.0,12.5,2.0,2.0,0.0,0.0,0.0
2022-2023,EreDivisie,Groningen,Jan de Boer,NED,GK,22.0,3.0,2.0,226.0,2.5,12.0,4.78,31.0,19.0,64.5,1.0,0.0,1.0,0.0,0.0,1.0,1.0,0.0,0.0,0.0
2022-2023,PrimeiraLiga,Benfica,Odisseas Vlachodimos,GRE,GK,28.0,34.0,34.0,3057.0,34.0,20.0,0.59,72.0,53.0,75.0,28.0,3.0,3.0,20.0,58.8,2.0,2.0,0.0,0.0,0.0
2022-2023,PrimeiraLiga,Benfica,Samuel Soares,POR,GK,20.0,1.0,0.0,3.0,0.0,0.0,0.0,1.0,1.0,100.0,0.0,0.0,0.0,1.0,,0.0,0.0,0.0,0.0,
2022-2023,PrimeiraLiga,Porto,Diogo Costa,POR,GK,22.0,33.0,33.0,2970.0,33.0,22.0,0.67,79.0,60.0,77.2,26.0,4.0,3.0,16.0,48.5,4.0,4.0,0.0,0.0,0.0
2022-2023,PrimeiraLiga,Porto,Cláudio Ramos,POR,GK,30.0,1.0,1.0,90.0,1.0,0.0,0.0,0.0,0.0,,1.0,0.0,0.0,1.0,100.0,0.0,0.0,0.0,0.0,
2022-2023,PrimeiraLiga,Braga,Matheus,BRA,GK,30.0,32.0,32.0,2873.0,31.9,28.0,0.88,109.0,81.0,78.0,24.0,3.0,5.0,16.0,50.0,5.0,4.0,0.0,1.0,0.0
2022-2023,PrimeiraLiga,Braga,Tiago Sá,POR,GK,27.0,3.0,2.0,167.0,1.9,2.0,1.08,4.0,2.0,50.0,1.0,0.0,1.0,0.0,0.0,0.0,0.0,0.0,0.0,
2022-2023,PrimeiraLiga,Braga,Lukáš Horníček,CZE,GK,20.0,1.0,0.0,18.0,0.2,0.0,0.0,0.0,0.0,,0.0,0.0,0.0,1.0,,0.0,0.0,0.0,0.0,
2022-2023,PrimeiraLiga,Sporting CP,Antonio Adán,ESP,GK,35.0,31.0,31.0,2789.0,31.0,29.0,0.94,91.0,63.0,72.5,21.0,4.0,6.0,13.0,41.9,4.0,4.0,0.0,0.0,0.0
2022-2023,PrimeiraLiga,Sporting CP,Franco Israel,URU,GK,22.0,3.0,3.0,270.0,3.0,3.0,1.0,4.0,1.0,25.0,2.0,1.0,0.0,1.0,33.3,0.0,0.0,0.0,0.0,
2022-2023,PrimeiraLiga,Arouca,Ignacio De Arruabarrena,URU,GK,25.0,30.0,30.0,2699.0,30.0,32.0,1.07,134.0,99.0,79.1,15.0,6.0,9.0,13.0,43.3,9.0,4.0,4.0,1.0,50.0
2022-2023,PrimeiraLiga,Arouca,Emilijus Zubas,LTU,GK,32.0,3.0,3.0,270.0,3.0,4.0,1.33,10.0,6.0,70.0,0.0,2.0,1.0,1.0,33.3,1.0,1.0,0.0,0.0,0.0
2022-2023,PrimeiraLiga,Arouca,Mosquito,BRA,GK,26.0,1.0,1.0,90.0,1.0,1.0,1.0,5.0,4.0,80.0,0.0,1.0,0.0,0.0,0.0,0.0,0.0,0.0,0.0,
2022-2023,PrimeiraLiga,Arouca,João Valido,POR,GK,22.0,1.0,0.0,1.0,0.0,0.0,0.0,0.0,0.0,,0.0,0.0,0.0,1.0,,0.0,0.0,0.0,0.0,
2022-2023,PrimeiraLiga,Vitória,Bruno Varela,CPV,GK,27.0,27.0,27.0,2430.0,27.0,25.0,0.93,97.0,72.0,75.3,15.0,4.0,8.0,13.0,48.1,2.0,1.0,0.0,1.0,0.0
2022-2023,PrimeiraLiga,Vitória,Celton Biai,POR,GK,21.0,5.0,5.0,450.0,5.0,11.0,2.2,22.0,12.0,54.5,0.0,1.0,4.0,1.0,20.0,1.0,1.0,0.0,0.0,0.0
2022-2023,PrimeiraLiga,Vitória,Rafa,POR,GK,18.0,2.0,2.0,180.0,2.0,3.0,1.5,9.0,6.0,66.7,1.0,0.0,1.0,0.0,0.0,0.0,0.0,0.0,0.0,
2022-2023,PrimeiraLiga,Chaves,Paulo Vítor Fagundes dos Anjos,BRA,GK,33.0,30.0,30.0,2700.0,30.0,33.0,1.1,150.0,117.0,81.3,11.0,10.0,9.0,9.0,30.0,6.0,5.0,0.0,1.0,0.0
2022-2023,PrimeiraLiga,Chaves,Rodrigo Nascimento,BRA,GK,26.0,4.0,4.0,357.0,4.0,7.0,1.76,18.0,9.0,66.7,1.0,0.0,3.0,0.0,0.0,4.0,1.0,2.0,1.0,66.7
2022-2023,PrimeiraLiga,Chaves,Gonçalo Filipe,POR,GK,22.0,1.0,0.0,1.0,0.0,0.0,0.0,0.0,0.0,,0.0,0.0,0.0,1.0,,0.0,0.0,0.0,0.0,
2022-2023,PrimeiraLiga,Famalicão,Luiz Lúcio Reis Júnior,BRA,GK,21.0,33.0,33.0,2970.0,33.0,45.0,1.36,151.0,106.0,74.8,13.0,4.0,16.0,10.0,30.3,9.0,7.0,2.0,0.0,22.2
2022-2023,PrimeiraLiga,Famalicão,Ivan Zlobin,RUS,GK,25.0,1.0,1.0,90.0,1.0,2.0,2.0,5.0,3.0,60.0,0.0,1.0,0.0,0.0,0.0,0.0,0.0,0.0,0.0,
2022-2023,PrimeiraLiga,Boavista,Rafael Bracalli,BRA,GK,41.0,28.0,28.0,2520.0,28.0,44.0,1.57,122.0,79.0,67.2,8.0,8.0,12.0,5.0,17.9,6.0,4.0,1.0,1.0,20.0
2022-2023,PrimeiraLiga,Boavista,César,BRA,GK,30.0,5.0,5.0,450.0,5.0,9.0,1.8,15.0,6.0,46.7,3.0,0.0,2.0,1.0,20.0,1.0,1.0,0.0,0.0,0.0
2022-2023,PrimeiraLiga,Boavista,João Gonçalves,POR,GK,21.0,1.0,1.0,90.0,1.0,1.0,1.0,6.0,5.0,83.3,1.0,0.0,0.0,0.0,0.0,0.0,0.0,0.0,0.0,
2022-2023,PrimeiraLiga,Casa Pia,Ricardo Batista,POR,GK,35.0,31.0,31.0,2790.0,31.0,31.0,1.0,131.0,98.0,79.4,11.0,8.0,12.0,11.0,35.5,6.0,4.0,2.0,0.0,33.3
2022-2023,PrimeiraLiga,Casa Pia,Lucas Paes,BRA,GK,24.0,2.0,2.0,180.0,2.0,7.0,3.5,18.0,13.0,61.1,0.0,0.0,2.0,0.0,0.0,0.0,0.0,0.0,0.0,
2022-2023,PrimeiraLiga,Casa Pia,João,BRA,GK,24.0,1.0,1.0,90.0,1.0,2.0,2.0,3.0,1.0,66.7,0.0,0.0,1.0,0.0,0.0,1.0,1.0,0.0,0.0,0.0
2022-2023,PrimeiraLiga,Vizela,Fabijan Buntić,CRO,GK,25.0,33.0,33.0,2970.0,33.0,37.0,1.12,133.0,95.0,77.4,11.0,7.0,15.0,11.0,33.3,9.0,7.0,2.0,0.0,22.2
2022-2023,PrimeiraLiga,Vizela,Luiz Felipe,BRA,GK,25.0,1.0,1.0,90.0,1.0,1.0,1.0,6.0,5.0,83.3,0.0,0.0,1.0,0.0,0.0,0.0,0.0,0.0,0.0,
2022-2023,PrimeiraLiga,Rio Ave,Jhonatan,BRA,GK,31.0,32.0,32.0,2880.0,32.0,39.0,1.22,146.0,107.0,73.3,10.0,10.0,12.0,10.0,31.3,3.0,0.0,2.0,1.0,100.0
2022-2023,PrimeiraLiga,Rio Ave,Magrão,BRA,GK,22.0,2.0,2.0,180.0,2.0,4.0,2.0,8.0,5.0,62.5,0.0,0.0,2.0,0.0,0.0,1.0,1.0,0.0,0.0,0.0
2022-2023,PrimeiraLiga,Gil Vicente FC,Andrew,BRA,GK,21.0,24.0,23.0,2131.0,23.7,26.0,1.1,121.0,95.0,80.2,6.0,6.0,11.0,7.0,30.4,2.0,2.0,0.0,0.0,0.0
2022-2023,PrimeiraLiga,Gil Vicente FC,Stanislav Kritsyuk,RUS,GK,31.0,11.0,11.0,929.0,10.3,15.0,1.45,55.0,40.0,74.5,4.0,1.0,6.0,1.0,9.1,1.0,1.0,0.0,0.0,0.0
2022-2023,PrimeiraLiga,Estoril,Daniel Leite,POR,GK,24.0,32.0,32.0,2855.0,31.7,41.0,1.29,144.0,102.0,76.4,10.0,4.0,18.0,8.0,25.0,10.0,7.0,2.0,1.0,22.2
2022-2023,PrimeiraLiga,Estoril,Pedro José Moreira Silva,POR,GK,25.0,3.0,2.0,203.0,2.3,8.0,3.55,18.0,9.0,72.2,0.0,1.0,1.0,0.0,0.0,4.0,3.0,1.0,0.0,25.0
2022-2023,PrimeiraLiga,Portimonense,Kosuke Nakamura,JPN,GK,27.0,30.0,30.0,2700.0,30.0,46.0,1.53,181.0,135.0,75.7,7.0,4.0,19.0,6.0,20.0,4.0,2.0,1.0,1.0,33.3
2022-2023,PrimeiraLiga,Portimonense,Samuel Portugal,BRA,GK,28.0,4.0,4.0,360.0,4.0,2.0,0.5,18.0,16.0,88.9,3.0,0.0,1.0,2.0,50.0,0.0,0.0,0.0,0.0,
2022-2023,PrimeiraLiga,Marítimo,Marcelo Carné,BRA,GK,32.0,14.0,14.0,1260.0,14.0,24.0,1.71,68.0,45.0,69.1,5.0,1.0,8.0,2.0,14.3,4.0,3.0,0.0,1.0,0.0
2022-2023,PrimeiraLiga,Marítimo,João Miguel Macedo Silva,POR,GK,27.0,8.0,8.0,720.0,8.0,23.0,2.87,53.0,30.0,58.5,0.0,1.0,7.0,0.0,0.0,2.0,1.0,0.0,1.0,0.0
2022-2023,PrimeiraLiga,Marítimo,Giorgi Makaridze,GEO,GK,32.0,6.0,6.0,540.0,6.0,11.0,1.83,20.0,9.0,55.0,1.0,0.0,5.0,1.0,16.7,2.0,2.0,0.0,0.0,0.0
2022-2023,PrimeiraLiga,Marítimo,Matouš Trmal,CZE,GK,23.0,6.0,6.0,540.0,6.0,5.0,0.83,26.0,21.0,84.6,1.0,3.0,2.0,2.0,33.3,1.0,1.0,0.0,0.0,0.0
2022-2023,PrimeiraLiga,Paços,José Carlos Marafona,POR,GK,35.0,16.0,16.0,1426.0,15.8,22.0,1.39,80.0,60.0,72.5,6.0,3.0,7.0,2.0,12.5,1.0,0.0,0.0,1.0,
2022-2023,PrimeiraLiga,Paços,Igor Vekič,SVN,GK,24.0,10.0,9.0,821.0,9.1,17.0,1.86,34.0,17.0,52.9,0.0,2.0,7.0,1.0,11.1,1.0,1.0,0.0,0.0,0.0
2022-2023,PrimeiraLiga,Paços,Jordi Almeida,BRA,GK,28.0,6.0,6.0,540.0,6.0,14.0,2.33,35.0,23.0,60.0,0.0,0.0,6.0,0.0,0.0,0.0,0.0,0.0,0.0,
2022-2023,PrimeiraLiga,Paços,José Oliveira,POR,GK,20.0,3.0,3.0,270.0,3.0,9.0,3.0,18.0,9.0,55.6,0.0,0.0,3.0,0.0,0.0,1.0,1.0,0.0,0.0,0.0
2022-2023,PrimeiraLiga,Santa Clara,Gabriel Batista,BRA,GK,24.0,26.0,26.0,2340.0,26.0,49.0,1.88,129.0,82.0,66.7,4.0,5.0,17.0,4.0,15.4,9.0,6.0,1.0,2.0,14.3
2022-2023,PrimeiraLiga,Santa Clara,Marco André Rocha Pereira,POR,GK,35.0,8.0,8.0,720.0,8.0,9.0,1.13,31.0,21.0,74.2,1.0,2.0,5.0,1.0,12.5,4.0,1.0,1.0,2.0,50.0
